"Assay_ID","Epitope_ID","Seq","Epitope_Protein","Epitope_Protein_annot","Disease","MHC_Allele","start_index","core","TCR_bind_core"
5388,48769,"PPEIPRAASPPRRASSLGLLLRA","Acetylcholine receptor subunit epsilon","P02715","myasthenia gravis","HLA class II",4,"IPRAASPPR","PRAAPP"
1004772,7681,"DAWREGEEFVVEFDLPGIK","18 kDa antigen","P12809","rheumatoid arthritis","HLA class II",11,"VEFDLPGIK","EFDLGI"
1340538,32159,"KLSEGDLLAEIETDK","Dihydrolipoyllysine-residue acetyltransferase component of pyruvate dehydrogenase complex, mitochondrial","P10515","primary biliary cholangitis","HLA class II",7,"LLAEIETDK","LAEITD"
1551172,68846,"VHFFKNIVTPRTP","Myelin basic protein","P02686","multiple sclerosis","HLA-DRA*01:01/DRB5*01:01",3,"FFKNIVTPR","FKNITP"
1620632,933281,"ERGFFYTPKTRREAEDL","Insulin","P01308","type 1 diabetes mellitus","HLA class II",4,"FFYTPKTRR","FYTPTR"
1620636,604401,"GAGSLQPLALEGSLQKR","Insulin","P01308","type 1 diabetes mellitus","HLA class II",8,"LALEGSLQK","ALEGLQ"
1620637,933284,"LALEGSLQKRGIVEQCC","Insulin","P01308","type 1 diabetes mellitus","HLA class II",1,"LALEGSLQK","ALEGLQ"
1621320,101509,"CFWYIPPSLRTLEDN","Glutamate decarboxylase 2","Q05329","type 1 diabetes mellitus","HLA class II",2,"FWYIPPSLR","WYIPSL"
1621323,101509,"CFWYIPPSLRTLEDN","Glutamate decarboxylase 2","Q05329","type 1 diabetes mellitus","HLA class II",2,"FWYIPPSLR","WYIPSL"
1621325,101609,"ERMSRLSKVAPVIKA","Glutamate decarboxylase 2","Q05329","type 1 diabetes mellitus","HLA class II",6,"LSKVAPVIK","SKVAVI"
1621326,101609,"ERMSRLSKVAPVIKA","Glutamate decarboxylase 2","Q05329","type 1 diabetes mellitus","HLA class II",6,"LSKVAPVIK","SKVAVI"
1630990,102650,"MLRLPTVFRQMRPVSRVLAP","60 kDa heat shock protein, mitochondrial","P10809","type 1 diabetes mellitus","HLA class II",4,"LPTVFRQMR","PTVFQM"
1630995,102872,"TVIIEQSWGSPKVTKDGVTV","60 kDa heat shock protein, mitochondrial","P10809","type 1 diabetes mellitus","HLA class II",4,"IEQSWGSPK","EQSWSP"
1631002,102897,"VIAELKKQSKPVTTPEEIAQ","60 kDa heat shock protein, mitochondrial","P10809","type 1 diabetes mellitus","HLA class II",2,"IAELKKQSK","AELKQS"
1631005,102918,"VTDALNATRAAVEEGIVLGG","60 kDa heat shock protein, mitochondrial","P10809","type 1 diabetes mellitus","HLA class II",1,"VTDALNATR","TDALAT"
1631007,40453,"LVLNRLKVGLQVVAVKAPGF","60 kDa heat shock protein, mitochondrial","P10809","type 1 diabetes mellitus","HLA class II",8,"VGLQVVAVK","GLQVAV"
1631008,79579,"IVLGGGCALLRCIPALDSLT","60 kDa heat shock protein, mitochondrial","P10809","type 1 diabetes mellitus","HLA class II",3,"LGGGCALLR","GGGCLL"
1631009,102750,"QSIVPALEIANAHRKPLVIIA","60 kDa heat shock protein, mitochondrial","P10809","type 1 diabetes mellitus","HLA class II",7,"LEIANAHRK","EIANHR"
1631012,102911,"VNMVEKGIIDPTKVVRTALL","60 kDa heat shock protein, mitochondrial","P10809","type 1 diabetes mellitus","HLA class II",8,"IIDPTKVVR","IDPTVV"
1631185,102599,"LESYAFNMKSAVEDEGLKGK","Heat shock 70 kDa protein 1B","P0DMV9","type 1 diabetes mellitus","HLA class II",1,"LESYAFNMK","ESYANM"
1631188,102655,"NDQGNRTTPSYVAFTDTERL","Heat shock 70 kDa protein 1B","P0DMV9","type 1 diabetes mellitus","HLA class II",11,"YVAFTDTER","VAFTTE"
1631189,102713,"PFQVINDGDKPKVQVSYKGE","Heat shock 70 kDa protein 1B","P0DMV9","type 1 diabetes mellitus","HLA class II",2,"FQVINDGDK","QVINGD"
1631191,102522,"IAYGLDRTGKGERNVLIFDL","Heat shock 70 kDa protein 1B","P0DMV9","type 1 diabetes mellitus","HLA class II",5,"LDRTGKGER","DRTGGE"
1631192,102914,"VQKLLQDFFNGRDLNKSINP","Heat shock 70 kDa protein 1B","P0DMV9","type 1 diabetes mellitus","HLA class II",4,"LLQDFFNGR","LQDFNG"
1631195,102287,"AEDEVQRERVSAKNALESYA","Heat shock 70 kDa protein 1B","P0DMV9","type 1 diabetes mellitus","HLA class II",5,"VQRERVSAK","QRERSA"
1631198,102846,"TIDDGIFEVKATAGDTHLGG","Heat shock 70 kDa protein 1B","P0DMV9","type 1 diabetes mellitus","HLA class II",2,"IDDGIFEVK","DDGIEV"
1631199,102842,"THLGGEDFDNRLVNHFVEEF","Heat shock 70 kDa protein 1B","P0DMV9","type 1 diabetes mellitus","HLA class II",3,"LGGEDFDNR","GGEDDN"
1631201,102548,"KANKITITNDKGRLSKEEIE","Heat shock 70 kDa protein 1B","P0DMV9","type 1 diabetes mellitus","HLA class II",5,"ITITNDKGR","TITNKG"
1634889,104547,"LAKLSDGVAVLKVGG","60 kDa heat shock protein, mitochondrial","P10809","type 1 diabetes mellitus","HLA class II",4,"LSDGVAVLK","SDGVVL"
1638053,104662,"TYILIDMVLNRMA","Receptor-type tyrosine-protein phosphatase-like N","Q16849","type 1 diabetes mellitus","HLA class II",3,"ILIDMVLNR","LIDMLN"
1643095,103791,"AGSLQPLALEGSLQKRG","Insulin","P01308","type 1 diabetes mellitus","HLA class II",7,"LALEGSLQK","ALEGLQ"
1644366,102085,"SRLSKVAPVIKARMMEYGTT","Glutamate decarboxylase 2","Q05329","type 1 diabetes mellitus","HLA class II",3,"LSKVAPVIK","SKVAVI"
1644388,103706,"VLGGGCALLRCIPALDSLTPANED","60 kDa heat shock protein, mitochondrial","P10809","type 1 diabetes mellitus","HLA class II",2,"LGGGCALLR","GGGCLL"
1648848,107678,"VVLLVATEGRVRVNSAYQ","Aggrecan core protein","P16112","rheumatoid arthritis","HLA class II",2,"VLLVATEGR","LLVAEG"
1648860,107681,"VVVKGIVFHYRAISTRYT","Aggrecan core protein","P16112","rheumatoid arthritis","HLA class II",3,"VKGIVFHYR","KGIVHY"
1659443,111192,"DENPVVHFFKNIVTPRTPP","Myelin basic protein","P02686","multiple sclerosis","HLA class II",8,"FFKNIVTPR","FKNITP"
1659455,58952,"SKTSASIGSLCADARMYGVL","Myelin proteolipid protein","P60201","multiple sclerosis","HLA class II",7,"IGSLCADAR","GSLCDA"
1660014,13573,"ENPVVHFFKNIVTPRTP","Myelin basic protein","P02686","multiple sclerosis","HLA class II",7,"FFKNIVTPR","FKNITP"
1660016,13573,"ENPVVHFFKNIVTPRTP","Myelin basic protein","P02686","multiple sclerosis","HLA class II",7,"FFKNIVTPR","FKNITP"
1660018,112214,"LSRFSWGAEGQRPGFGYGG","Myelin basic protein","P02686","multiple sclerosis","HLA class II",4,"FSWGAEGQR","SWGAGQ"
1660020,112214,"LSRFSWGAEGQRPGFGYGG","Myelin basic protein","P02686","multiple sclerosis","HLA class II",4,"FSWGAEGQR","SWGAGQ"
1660022,112039,"ASDYKSAHKGLKGVDAQGTLSKIFK","Myelin basic protein","P02686","multiple sclerosis","HLA class II",4,"YKSAHKGLK","KSAHGL"
1660024,112039,"ASDYKSAHKGLKGVDAQGTLSKIFK","Myelin basic protein","P02686","multiple sclerosis","HLA class II",4,"YKSAHKGLK","KSAHGL"
1660026,112037,"AQGTLSKIFKLGGRDSRSGSPMARR","Myelin basic protein","P02686","multiple sclerosis","HLA class II",9,"FKLGGRDSR","KLGGDS"
1660028,112037,"AQGTLSKIFKLGGRDSRSGSPMARR","Myelin basic protein","P02686","multiple sclerosis","HLA class II",9,"FKLGGRDSR","KLGGDS"
1660034,112126,"GFYTTGAVRQIFGDYKTT","Myelin proteolipid protein","P60201","multiple sclerosis","HLA class II",8,"VRQIFGDYK","RQIFDY"
1660036,112126,"GFYTTGAVRQIFGDYKTT","Myelin proteolipid protein","P60201","multiple sclerosis","HLA class II",8,"VRQIFGDYK","RQIFDY"
1660046,112320,"SKTSASIGSLCADARMYGVLP","Myelin proteolipid protein","P60201","multiple sclerosis","HLA class II",7,"IGSLCADAR","GSLCDA"
1660048,112320,"SKTSASIGSLCADARMYGVLP","Myelin proteolipid protein","P60201","multiple sclerosis","HLA class II",7,"IGSLCADAR","GSLCDA"
1660050,112139,"GQFRVIGPRHPIRALVGDEV","Myelin-oligodendrocyte glycoprotein","Q16653","multiple sclerosis","HLA class II",5,"VIGPRHPIR","IGPRPI"
1660052,112139,"GQFRVIGPRHPIRALVGDEV","Myelin-oligodendrocyte glycoprotein","Q16653","multiple sclerosis","HLA class II",5,"VIGPRHPIR","IGPRPI"
1660055,112255,"PIRALVGDEVELPCRISPGK","Myelin-oligodendrocyte glycoprotein","Q16653","multiple sclerosis","HLA class II",12,"LPCRISPGK","PCRIPG"
1660056,112255,"PIRALVGDEVELPCRISPGK","Myelin-oligodendrocyte glycoprotein","Q16653","multiple sclerosis","HLA class II",12,"LPCRISPGK","PCRIPG"
1660059,112226,"MEVGWYRPPFSRVVHLYRNGK","Myelin-oligodendrocyte glycoprotein","Q16653","multiple sclerosis","HLA class II",10,"FSRVVHLYR","SRVVLY"
1660060,112226,"MEVGWYRPPFSRVVHLYRNGK","Myelin-oligodendrocyte glycoprotein","Q16653","multiple sclerosis","HLA class II",10,"FSRVVHLYR","SRVVLY"
1660445,112962,"ENPVVHFFKNIVTPRTPPPS","Myelin basic protein","P02686","multiple sclerosis","HLA class II",7,"FFKNIVTPR","FKNITP"
1660450,113108,"PGFGYGGRASDYKSAHKGFK","Myelin basic protein","P02686","multiple sclerosis","HLA class II",5,"YGGRASDYK","GGRADY"
1660453,113016,"GVDAQGTLSKIFKLGGRDSR","Myelin basic protein","P02686","multiple sclerosis","HLA class II",2,"VDAQGTLSK","DAQGLS"
1660454,113047,"KIFKLGGRDSRSGSPMAR","Myelin basic protein","P02686","multiple sclerosis","HLA class II",3,"FKLGGRDSR","KLGGDS"
1660815,112717,"VVTEIPKEEKDPGM","60 kDa heat shock protein, mitochondrial","P10809","multiple sclerosis","HLA class II",2,"VTEIPKEEK","TEIPEE"
1661066,112498,"ENPVVHFFKNIVTPRTPPP","Myelin basic protein","P02686","multiple sclerosis","HLA class II",7,"FFKNIVTPR","FKNITP"
1661068,80095,"VVHFFKNIVTPRT","Myelin basic protein","P02686","multiple sclerosis","HLA class II",4,"FFKNIVTPR","FKNITP"
1661072,112529,"GRASDYKSAHKGFKGVDAQG","Myelin basic protein","P02686","multiple sclerosis","HLA class II",6,"YKSAHKGFK","KSAHGF"
1661079,80095,"VVHFFKNIVTPRT","Myelin basic protein","P02686","multiple sclerosis","HLA class II",4,"FFKNIVTPR","FKNITP"
1661572,112785,"GWYRPPFSRVVHLYRNGKDQDGD","Myelin-oligodendrocyte glycoprotein","Q16653","multiple sclerosis","HLA class II",7,"FSRVVHLYR","SRVVLY"
1661574,113088,"LYRNGKDQDGDQAPEYRGRTELLKD","Myelin-oligodendrocyte glycoprotein","Q16653","multiple sclerosis","HLA class II",16,"YRGRTELLK","RGRTLL"
1661576,112815,"PEYRGRTELLKDAIGEGKVTLRIRN","Myelin-oligodendrocyte glycoprotein","Q16653","multiple sclerosis","HLA class II",3,"YRGRTELLK","RGRTLL"
1661578,112793,"IGEGKVTLRIRNVRFSDEGGFTCFF","Myelin-oligodendrocyte glycoprotein","Q16653","multiple sclerosis","HLA class II",1,"IGEGKVTLR","GEGKTL"
1661589,112815,"PEYRGRTELLKDAIGEGKVTLRIRN","Myelin-oligodendrocyte glycoprotein","Q16653","multiple sclerosis","HLA class II",3,"YRGRTELLK","RGRTLL"
1661637,112462,"AVRQIFGDYKTTICGKGLSATVT","Myelin proteolipid protein","P60201","multiple sclerosis","HLA class II",2,"VRQIFGDYK","RQIFDY"
1661640,112661,"SIAFPSKTSASIGSLCADARMY","Myelin proteolipid protein","P60201","multiple sclerosis","HLA class II",12,"IGSLCADAR","GSLCDA"
1662983,113112,"PPFTFLNSKKEIVDRKYSICKSG","Myelin-associated oligodendrocyte basic protein","Q13875","multiple sclerosis","HLA class II",13,"VDRKYSICK","DRKYIC"
1662985,113164,"SGCFYQKKEEDWICCACQKTRTSR","Myelin-associated oligodendrocyte basic protein","Q13875","multiple sclerosis","HLA class II",13,"ICCACQKTR","CCACKT"
1662987,113116,"PRPEVRPPPAKQRPPQKSKQQPRSS","Myelin-associated oligodendrocyte basic protein","Q13875","multiple sclerosis","HLA class II",5,"VRPPPAKQR","RPPPKQ"
1663283,113190,"TFLNSKKEIVDRKYSICKS","Myelin-associated oligodendrocyte basic protein","Q13875","multiple sclerosis","HLA class II",10,"VDRKYSICK","DRKYIC"
1663287,112927,"CFYQKKEEDWICCACQKTR","Myelin-associated oligodendrocyte basic protein","Q13875","multiple sclerosis","HLA class II",11,"ICCACQKTR","CCACKT"
1663331,113151,"RPGFGYGGRASDYKSAHKG","Myelin basic protein","P02686","multiple sclerosis","HLA class II",6,"YGGRASDYK","GGRADY"
1663332,113151,"RPGFGYGGRASDYKSAHKG","Myelin basic protein","P02686","multiple sclerosis","HLA class II",6,"YGGRASDYK","GGRADY"
1663335,111192,"DENPVVHFFKNIVTPRTPP","Myelin basic protein","P02686","multiple sclerosis","HLA class II",8,"FFKNIVTPR","FKNITP"
1663336,111192,"DENPVVHFFKNIVTPRTPP","Myelin basic protein","P02686","multiple sclerosis","HLA class II",8,"FFKNIVTPR","FKNITP"
1663337,112977,"FKGVDAQGTLSKIFKLGGRD","Myelin basic protein","P02686","multiple sclerosis","HLA class II",4,"VDAQGTLSK","DAQGLS"
1663338,112977,"FKGVDAQGTLSKIFKLGGRD","Myelin basic protein","P02686","multiple sclerosis","HLA class II",4,"VDAQGTLSK","DAQGLS"
1663339,113080,"LSRFSWGAEGQRPGFGYGGR","Myelin basic protein","P02686","multiple sclerosis","HLA class II",4,"FSWGAEGQR","SWGAGQ"
1663340,113080,"LSRFSWGAEGQRPGFGYGGR","Myelin basic protein","P02686","multiple sclerosis","HLA class II",4,"FSWGAEGQR","SWGAGQ"
1664906,13573,"ENPVVHFFKNIVTPRTP","Myelin basic protein","P02686","multiple sclerosis","HLA class II",7,"FFKNIVTPR","FKNITP"
1666427,114048,"YKDSHHPARTAHYGSLP","Myelin basic protein","P02686","multiple sclerosis","HLA class II",1,"YKDSHHPAR","KDSHPA"
1667143,114519,"PQDENPVVHFFKNIVTPRTP","Myelin basic protein","P02686","multiple sclerosis","HLA-DRB5*01:01",10,"FFKNIVTPR","FKNITP"
1667144,114519,"PQDENPVVHFFKNIVTPRTP","Myelin basic protein","P02686","multiple sclerosis","HLA-DRB5*01:01",10,"FFKNIVTPR","FKNITP"
1667145,112393,"VVHFFKNIVTPRTPPPSQGK","Myelin basic protein","P02686","multiple sclerosis","HLA-DRB5*01:01",4,"FFKNIVTPR","FKNITP"
1667146,112393,"VVHFFKNIVTPRTPPPSQGK","Myelin basic protein","P02686","multiple sclerosis","HLA-DRB5*01:01",4,"FFKNIVTPR","FKNITP"
1667148,114367,"GLSLSRFSWGAEGQRPGFGYGGRA","Myelin basic protein","P02686","multiple sclerosis","HLA-DRB5*01:01",7,"FSWGAEGQR","SWGAGQ"
1667149,114367,"GLSLSRFSWGAEGQRPGFGYGGRA","Myelin basic protein","P02686","multiple sclerosis","HLA-DRB5*01:01",7,"FSWGAEGQR","SWGAGQ"
1667189,114519,"PQDENPVVHFFKNIVTPRTP","Myelin basic protein","P02686","multiple sclerosis","HLA-DRB5*01:01",10,"FFKNIVTPR","FKNITP"
1667190,112393,"VVHFFKNIVTPRTPPPSQGK","Myelin basic protein","P02686","multiple sclerosis","HLA-DRB5*01:01",4,"FFKNIVTPR","FKNITP"
1667406,112856,"VDAQGTLSKIFKL","Myelin basic protein","P02686","multiple sclerosis","HLA class II",1,"VDAQGTLSK","DAQGLS"
1667424,112856,"VDAQGTLSKIFKL","Myelin basic protein","P02686","multiple sclerosis","HLA class II",1,"VDAQGTLSK","DAQGLS"
1667576,13573,"ENPVVHFFKNIVTPRTP","Myelin basic protein","P02686","multiple sclerosis","HLA-DRB5*01:01",7,"FFKNIVTPR","FKNITP"
1667581,13573,"ENPVVHFFKNIVTPRTP","Myelin basic protein","P02686","multiple sclerosis","HLA-DRB5*01:01",7,"FFKNIVTPR","FKNITP"
1668121,26092,"IFKLGGRDSRSGSPMARR","Myelin basic protein","P02686","multiple sclerosis","HLA class II",2,"FKLGGRDSR","KLGGDS"
1675201,111192,"DENPVVHFFKNIVTPRTPP","Myelin basic protein","P02686","multiple sclerosis","HLA class II",8,"FFKNIVTPR","FKNITP"
1675208,113080,"LSRFSWGAEGQRPGFGYGGR","Myelin basic protein","P02686","multiple sclerosis","HLA class II",4,"FSWGAEGQR","SWGAGQ"
1675209,113151,"RPGFGYGGRASDYKSAHKG","Myelin basic protein","P02686","multiple sclerosis","HLA class II",6,"YGGRASDYK","GGRADY"
1675210,112977,"FKGVDAQGTLSKIFKLGGRD","Myelin basic protein","P02686","multiple sclerosis","HLA class II",4,"VDAQGTLSK","DAQGLS"
1675433,45514,"NPVVHFFKNIVTPRTPPPSQ","Myelin basic protein","P02686","multiple sclerosis","HLA-DRB5*01:01",6,"FFKNIVTPR","FKNITP"
1675438,114366,"GKGRGLSLSRFSWGAEGQRP","Myelin basic protein","P02686","multiple sclerosis","HLA-DRB5*01:01",11,"FSWGAEGQR","SWGAGQ"
1675447,13573,"ENPVVHFFKNIVTPRTP","Myelin basic protein","P02686","multiple sclerosis","HLA-DRB5*01:01",7,"FFKNIVTPR","FKNITP"
1675454,67907,"VDAQGTLSKIFKLGGRDSRS","Myelin basic protein","P02686","multiple sclerosis","HLA-DRB5*01:01",1,"VDAQGTLSK","DAQGLS"
1675882,114456,"LLAEGFYTTGAVRQIFGDYK","Myelin proteolipid protein","P60201","multiple sclerosis","HLA class II",12,"VRQIFGDYK","RQIFDY"
1675942,13573,"ENPVVHFFKNIVTPRTP","Myelin basic protein","P02686","multiple sclerosis","HLA class II",7,"FFKNIVTPR","FKNITP"
1675943,13573,"ENPVVHFFKNIVTPRTP","Myelin basic protein","P02686","multiple sclerosis","HLA class II",7,"FFKNIVTPR","FKNITP"
1675945,112214,"LSRFSWGAEGQRPGFGYGG","Myelin basic protein","P02686","multiple sclerosis","HLA class II",4,"FSWGAEGQR","SWGAGQ"
1675946,112214,"LSRFSWGAEGQRPGFGYGG","Myelin basic protein","P02686","multiple sclerosis","HLA class II",4,"FSWGAEGQR","SWGAGQ"
1675948,112039,"ASDYKSAHKGLKGVDAQGTLSKIFK","Myelin basic protein","P02686","multiple sclerosis","HLA class II",4,"YKSAHKGLK","KSAHGL"
1675949,112039,"ASDYKSAHKGLKGVDAQGTLSKIFK","Myelin basic protein","P02686","multiple sclerosis","HLA class II",4,"YKSAHKGLK","KSAHGL"
1675951,112037,"AQGTLSKIFKLGGRDSRSGSPMARR","Myelin basic protein","P02686","multiple sclerosis","HLA class II",9,"FKLGGRDSR","KLGGDS"
1675952,112037,"AQGTLSKIFKLGGRDSRSGSPMARR","Myelin basic protein","P02686","multiple sclerosis","HLA class II",9,"FKLGGRDSR","KLGGDS"
1675954,112126,"GFYTTGAVRQIFGDYKTT","Myelin proteolipid protein","P60201","multiple sclerosis","HLA class II",8,"VRQIFGDYK","RQIFDY"
1675955,112126,"GFYTTGAVRQIFGDYKTT","Myelin proteolipid protein","P60201","multiple sclerosis","HLA class II",8,"VRQIFGDYK","RQIFDY"
1675963,58952,"SKTSASIGSLCADARMYGVL","Myelin proteolipid protein","P60201","multiple sclerosis","HLA class II",7,"IGSLCADAR","GSLCDA"
1675964,58952,"SKTSASIGSLCADARMYGVL","Myelin proteolipid protein","P60201","multiple sclerosis","HLA class II",7,"IGSLCADAR","GSLCDA"
1675966,112255,"PIRALVGDEVELPCRISPGK","Myelin-oligodendrocyte glycoprotein","Q16653","multiple sclerosis","HLA class II",12,"LPCRISPGK","PCRIPG"
1675967,112255,"PIRALVGDEVELPCRISPGK","Myelin-oligodendrocyte glycoprotein","Q16653","multiple sclerosis","HLA class II",12,"LPCRISPGK","PCRIPG"
1675969,112226,"MEVGWYRPPFSRVVHLYRNGK","Myelin-oligodendrocyte glycoprotein","Q16653","multiple sclerosis","HLA class II",10,"FSRVVHLYR","SRVVLY"
1675970,112226,"MEVGWYRPPFSRVVHLYRNGK","Myelin-oligodendrocyte glycoprotein","Q16653","multiple sclerosis","HLA class II",10,"FSRVVHLYR","SRVVLY"
1675981,114319,"ELPCRISPGKNATGMEVGWY","Myelin-oligodendrocyte glycoprotein","Q16653","multiple sclerosis","HLA class II",2,"LPCRISPGK","PCRIPG"
1675982,114319,"ELPCRISPGKNATGMEVGWY","Myelin-oligodendrocyte glycoprotein","Q16653","multiple sclerosis","HLA class II",2,"LPCRISPGK","PCRIPG"
1675987,113190,"TFLNSKKEIVDRKYSICKS","Myelin-associated oligodendrocyte basic protein","Q13875","multiple sclerosis","HLA class II",10,"VDRKYSICK","DRKYIC"
1675988,113190,"TFLNSKKEIVDRKYSICKS","Myelin-associated oligodendrocyte basic protein","Q13875","multiple sclerosis","HLA class II",10,"VDRKYSICK","DRKYIC"
1676091,112214,"LSRFSWGAEGQRPGFGYGG","Myelin basic protein","P02686","multiple sclerosis","HLA class II",4,"FSWGAEGQR","SWGAGQ"
1676093,112037,"AQGTLSKIFKLGGRDSRSGSPMARR","Myelin basic protein","P02686","multiple sclerosis","HLA class II",9,"FKLGGRDSR","KLGGDS"
1676097,112255,"PIRALVGDEVELPCRISPGK","Myelin-oligodendrocyte glycoprotein","Q16653","multiple sclerosis","HLA class II",12,"LPCRISPGK","PCRIPG"
1676099,112226,"MEVGWYRPPFSRVVHLYRNGK","Myelin-oligodendrocyte glycoprotein","Q16653","multiple sclerosis","HLA class II",10,"FSRVVHLYR","SRVVLY"
1676103,113190,"TFLNSKKEIVDRKYSICKS","Myelin-associated oligodendrocyte basic protein","Q13875","multiple sclerosis","HLA class II",10,"VDRKYSICK","DRKYIC"
1677330,50113,"PYILLVSSKVSTVKD","Chaperonin GroEL 2","P9WPE7","rheumatoid arthritis","HLA class II",6,"VSSKVSTVK","SSKVTV"
1677342,2907,"ALSTLVVNKIRGTFK","Chaperonin GroEL 2","P9WPE7","rheumatoid arthritis","HLA class II",7,"VNKIRGTFK","NKIRTF"
1677804,114925,"QDENPVVHFFKNIVTPRTP","Myelin basic protein","P02686","multiple sclerosis","HLA-DRB5*01:01",9,"FFKNIVTPR","FKNITP"
1677805,114925,"QDENPVVHFFKNIVTPRTP","Myelin basic protein","P02686","multiple sclerosis","HLA-DRB5*01:01",9,"FFKNIVTPR","FKNITP"
1677811,114925,"QDENPVVHFFKNIVTPRTP","Myelin basic protein","P02686","multiple sclerosis","HLA-DRB5*01:01",9,"FFKNIVTPR","FKNITP"
1678570,112126,"GFYTTGAVRQIFGDYKTT","Myelin proteolipid protein","P60201","multiple sclerosis","HLA class II",8,"VRQIFGDYK","RQIFDY"
1682142,112820,"PVVHFFKNIVTPRTPPPSQG","Myelin basic protein","P02686","multiple sclerosis","HLA class II",5,"FFKNIVTPR","FKNITP"
1682144,112820,"PVVHFFKNIVTPRTPPPSQG","Myelin basic protein","P02686","multiple sclerosis","HLA class II",5,"FFKNIVTPR","FKNITP"
1682145,115647,"SKIFKLGGRDSRSGSPMAR","Myelin basic protein","P02686","multiple sclerosis","HLA class II",4,"FKLGGRDSR","KLGGDS"
1682146,115647,"SKIFKLGGRDSRSGSPMAR","Myelin basic protein","P02686","multiple sclerosis","HLA class II",4,"FKLGGRDSR","KLGGDS"
1682691,111192,"DENPVVHFFKNIVTPRTPP","Myelin basic protein","P02686","multiple sclerosis","HLA class II",8,"FFKNIVTPR","FKNITP"
1682693,112977,"FKGVDAQGTLSKIFKLGGRD","Myelin basic protein","P02686","multiple sclerosis","HLA class II",4,"VDAQGTLSK","DAQGLS"
1683223,116104,"HKGFKGVDAQGTLSK","Myelin basic protein","P02686","multiple sclerosis","HLA-DRB5*01:01",7,"VDAQGTLSK","DAQGLS"
1683427,112289,"RHRDTGILDSIGRFFGGDRG","Myelin basic protein","P02686","multiple sclerosis","HLA class II",11,"IGRFFGGDR","GRFFGD"
1683429,112289,"RHRDTGILDSIGRFFGGDRG","Myelin basic protein","P02686","multiple sclerosis","HLA class II",11,"IGRFFGGDR","GRFFGD"
1683431,112289,"RHRDTGILDSIGRFFGGDRG","Myelin basic protein","P02686","multiple sclerosis","HLA class II",11,"IGRFFGGDR","GRFFGD"
1683435,116106,"IGRFFGGDRGAPKRGSGKDS","Myelin basic protein","P02686","multiple sclerosis","HLA class II",1,"IGRFFGGDR","GRFFGD"
1683437,116106,"IGRFFGGDRGAPKRGSGKDS","Myelin basic protein","P02686","multiple sclerosis","HLA class II",1,"IGRFFGGDR","GRFFGD"
1683439,116106,"IGRFFGGDRGAPKRGSGKDS","Myelin basic protein","P02686","multiple sclerosis","HLA class II",1,"IGRFFGGDR","GRFFGD"
1683502,111192,"DENPVVHFFKNIVTPRTPP","Myelin basic protein","P02686","multiple sclerosis","HLA class II",8,"FFKNIVTPR","FKNITP"
1683503,111192,"DENPVVHFFKNIVTPRTPP","Myelin basic protein","P02686","multiple sclerosis","HLA class II",8,"FFKNIVTPR","FKNITP"
1683504,111192,"DENPVVHFFKNIVTPRTPP","Myelin basic protein","P02686","multiple sclerosis","HLA class II",8,"FFKNIVTPR","FKNITP"
1683505,111192,"DENPVVHFFKNIVTPRTPP","Myelin basic protein","P02686","multiple sclerosis","HLA class II",8,"FFKNIVTPR","FKNITP"
1683534,113080,"LSRFSWGAEGQRPGFGYGGR","Myelin basic protein","P02686","multiple sclerosis","HLA class II",4,"FSWGAEGQR","SWGAGQ"
1683536,113080,"LSRFSWGAEGQRPGFGYGGR","Myelin basic protein","P02686","multiple sclerosis","HLA class II",4,"FSWGAEGQR","SWGAGQ"
1683542,113151,"RPGFGYGGRASDYKSAHKG","Myelin basic protein","P02686","multiple sclerosis","HLA class II",6,"YGGRASDYK","GGRADY"
1683544,113151,"RPGFGYGGRASDYKSAHKG","Myelin basic protein","P02686","multiple sclerosis","HLA class II",6,"YGGRASDYK","GGRADY"
1683545,113151,"RPGFGYGGRASDYKSAHKG","Myelin basic protein","P02686","multiple sclerosis","HLA class II",6,"YGGRASDYK","GGRADY"
1683550,116072,"ASDYKSAHKGFKGVDAQGTL","Myelin basic protein","P02686","multiple sclerosis","HLA class II",4,"YKSAHKGFK","KSAHGF"
1683551,116072,"ASDYKSAHKGFKGVDAQGTL","Myelin basic protein","P02686","multiple sclerosis","HLA class II",4,"YKSAHKGFK","KSAHGF"
1683552,116072,"ASDYKSAHKGFKGVDAQGTL","Myelin basic protein","P02686","multiple sclerosis","HLA class II",4,"YKSAHKGFK","KSAHGF"
1683558,112977,"FKGVDAQGTLSKIFKLGGRD","Myelin basic protein","P02686","multiple sclerosis","HLA class II",4,"VDAQGTLSK","DAQGLS"
1683559,112977,"FKGVDAQGTLSKIFKLGGRD","Myelin basic protein","P02686","multiple sclerosis","HLA class II",4,"VDAQGTLSK","DAQGLS"
1683560,112977,"FKGVDAQGTLSKIFKLGGRD","Myelin basic protein","P02686","multiple sclerosis","HLA class II",4,"VDAQGTLSK","DAQGLS"
1683566,112319,"SKIFKLGGRDSRSGSPMARR","Myelin basic protein","P02686","multiple sclerosis","HLA class II",4,"FKLGGRDSR","KLGGDS"
1683568,112319,"SKIFKLGGRDSRSGSPMARR","Myelin basic protein","P02686","multiple sclerosis","HLA class II",4,"FKLGGRDSR","KLGGDS"
1684035,116117,"LDSIGRFFGGDRGAPKRGSGK","Myelin basic protein","P02686","multiple sclerosis","HLA class II",4,"IGRFFGGDR","GRFFGD"
1684043,116170,"TQDENPVVHFFKNIVTPRTP","Myelin basic protein","P02686","multiple sclerosis","HLA-DRB5*01:01",10,"FFKNIVTPR","FKNITP"
1684045,112393,"VVHFFKNIVTPRTPPPSQGK","Myelin basic protein","P02686","multiple sclerosis","HLA-DRB5*01:01",4,"FFKNIVTPR","FKNITP"
1684049,114367,"GLSLSRFSWGAEGQRPGFGYGGRA","Myelin basic protein","P02686","multiple sclerosis","HLA class II",7,"FSWGAEGQR","SWGAGQ"
1684053,79881,"KGFKGVDAQGTLSKI","Myelin basic protein","P02686","multiple sclerosis","HLA class II",6,"VDAQGTLSK","DAQGLS"
1684057,26092,"IFKLGGRDSRSGSPMARR","Myelin basic protein","P02686","multiple sclerosis","HLA class II",2,"FKLGGRDSR","KLGGDS"
1684769,116439,"QDENPVVHFFKNIVTPR","Myelin basic protein","P02686","multiple sclerosis","HLA class II",9,"FFKNIVTPR","FKNITP"
1685007,116439,"QDENPVVHFFKNIVTPR","Myelin basic protein","P02686","multiple sclerosis","HLA class II",9,"FFKNIVTPR","FKNITP"
1685013,116414,"LSLSRFSWGAEGQRPGFGY","Myelin basic protein","P02686","multiple sclerosis","HLA class II",6,"FSWGAEGQR","SWGAGQ"
1685015,116296,"EGQRPGFGYGGRASDYKSA","Myelin basic protein","P02686","multiple sclerosis","HLA class II",9,"YGGRASDYK","GGRADY"
1685184,114908,"NPVVHFFKNIVTPR","Myelin basic protein","P02686","multiple sclerosis","HLA class II",6,"FFKNIVTPR","FKNITP"
1685395,26092,"IFKLGGRDSRSGSPMARR","Myelin basic protein","P02686","multiple sclerosis","HLA class II",2,"FKLGGRDSR","KLGGDS"
1685686,114908,"NPVVHFFKNIVTPR","Myelin basic protein","P02686","multiple sclerosis","HLA class II",6,"FFKNIVTPR","FKNITP"
1686083,116853,"VIVPVLGPLVALIICYNWLHR","Myelin-oligodendrocyte glycoprotein","Q16653","multiple sclerosis","HLA class II",13,"IICYNWLHR","ICYNLH"
1686135,26092,"IFKLGGRDSRSGSPMARR","Myelin basic protein","P02686","multiple sclerosis","HLA class II",2,"FKLGGRDSR","KLGGDS"
1687137,116170,"TQDENPVVHFFKNIVTPRTP","Myelin basic protein","P02686","multiple sclerosis","HLA class II",10,"FFKNIVTPR","FKNITP"
1687140,113080,"LSRFSWGAEGQRPGFGYGGR","Myelin basic protein","P02686","multiple sclerosis","HLA class II",4,"FSWGAEGQR","SWGAGQ"
1687142,116072,"ASDYKSAHKGFKGVDAQGTL","Myelin basic protein","P02686","multiple sclerosis","HLA class II",4,"YKSAHKGFK","KSAHGF"
1687143,112977,"FKGVDAQGTLSKIFKLGGRD","Myelin basic protein","P02686","multiple sclerosis","HLA class II",4,"VDAQGTLSK","DAQGLS"
1687144,112319,"SKIFKLGGRDSRSGSPMARR","Myelin basic protein","P02686","multiple sclerosis","HLA class II",4,"FKLGGRDSR","KLGGDS"
1687161,116683,"CNMYKDSHHPARTA","Myelin basic protein","P02686","multiple sclerosis","HLA class II",4,"YKDSHHPAR","KDSHPA"
1687163,116716,"FKGVDAQGTLSKIFKLGGRDS","Myelin basic protein","P02686","multiple sclerosis","HLA class II",4,"VDAQGTLSK","DAQGLS"
1687165,116847,"VALIICYNWLHRRLAGQFLEE","Myelin-oligodendrocyte glycoprotein","Q16653","multiple sclerosis","HLA class II",4,"IICYNWLHR","ICYNLH"
1687396,111192,"DENPVVHFFKNIVTPRTPP","Myelin basic protein","P02686","multiple sclerosis","HLA class II",8,"FFKNIVTPR","FKNITP"
1687398,111192,"DENPVVHFFKNIVTPRTPP","Myelin basic protein","P02686","multiple sclerosis","HLA class II",8,"FFKNIVTPR","FKNITP"
1687452,18488,"FYYTTGAVRQIFGDYKTTICG","Myelin proteolipid protein","P60201","multiple sclerosis","HLA-DRB5*01:01",1,"FYYTTGAVR","YYTTAV"
1687458,41007,"MAATYNFAVLKLMGRFTKF","Myelin proteolipid protein","P60201","multiple sclerosis","HLA-DRB5*01:01",7,"FAVLKLMGR","AVLKMG"
1687768,58952,"SKTSASIGSLCADARMYGVL","Myelin proteolipid protein","P60201","multiple sclerosis","HLA class II",7,"IGSLCADAR","GSLCDA"
1687770,58952,"SKTSASIGSLCADARMYGVL","Myelin proteolipid protein","P60201","multiple sclerosis","HLA class II",7,"IGSLCADAR","GSLCDA"
1687772,58952,"SKTSASIGSLCADARMYGVL","Myelin proteolipid protein","P60201","multiple sclerosis","HLA class II",7,"IGSLCADAR","GSLCDA"
1687775,58952,"SKTSASIGSLCADARMYGVL","Myelin proteolipid protein","P60201","multiple sclerosis","HLA class II",7,"IGSLCADAR","GSLCDA"
1687776,58952,"SKTSASIGSLCADARMYGVL","Myelin proteolipid protein","P60201","multiple sclerosis","HLA class II",7,"IGSLCADAR","GSLCDA"
1687794,112289,"RHRDTGILDSIGRFFGGDRG","Myelin basic protein","P02686","multiple sclerosis","HLA class II",11,"IGRFFGGDR","GRFFGD"
1687796,116106,"IGRFFGGDRGAPKRGSGKDS","Myelin basic protein","P02686","multiple sclerosis","HLA class II",1,"IGRFFGGDR","GRFFGD"
1687810,111192,"DENPVVHFFKNIVTPRTPP","Myelin basic protein","P02686","multiple sclerosis","HLA class II",8,"FFKNIVTPR","FKNITP"
1687818,113080,"LSRFSWGAEGQRPGFGYGGR","Myelin basic protein","P02686","multiple sclerosis","HLA class II",4,"FSWGAEGQR","SWGAGQ"
1687820,113151,"RPGFGYGGRASDYKSAHKG","Myelin basic protein","P02686","multiple sclerosis","HLA class II",6,"YGGRASDYK","GGRADY"
1687822,116072,"ASDYKSAHKGFKGVDAQGTL","Myelin basic protein","P02686","multiple sclerosis","HLA class II",4,"YKSAHKGFK","KSAHGF"
1687824,112977,"FKGVDAQGTLSKIFKLGGRD","Myelin basic protein","P02686","multiple sclerosis","HLA class II",4,"VDAQGTLSK","DAQGLS"
1687826,112319,"SKIFKLGGRDSRSGSPMARR","Myelin basic protein","P02686","multiple sclerosis","HLA class II",4,"FKLGGRDSR","KLGGDS"
1689809,112226,"MEVGWYRPPFSRVVHLYRNGK","Myelin-oligodendrocyte glycoprotein","Q16653","multiple sclerosis","HLA class II",10,"FSRVVHLYR","SRVVLY"
1689810,114319,"ELPCRISPGKNATGMEVGWY","Myelin-oligodendrocyte glycoprotein","Q16653","multiple sclerosis","HLA class II",2,"LPCRISPGK","PCRIPG"
1689811,112255,"PIRALVGDEVELPCRISPGK","Myelin-oligodendrocyte glycoprotein","Q16653","multiple sclerosis","HLA class II",12,"LPCRISPGK","PCRIPG"
1689812,58952,"SKTSASIGSLCADARMYGVL","Myelin proteolipid protein","P60201","multiple sclerosis","HLA class II",7,"IGSLCADAR","GSLCDA"
1689815,112126,"GFYTTGAVRQIFGDYKTT","Myelin proteolipid protein","P60201","multiple sclerosis","HLA class II",8,"VRQIFGDYK","RQIFDY"
1689818,112214,"LSRFSWGAEGQRPGFGYGG","Myelin basic protein","P02686","multiple sclerosis","HLA class II",4,"FSWGAEGQR","SWGAGQ"
1689975,113535,"IGGRVHFFKDISPIA","Minor capsid protein L2","P36745","multiple sclerosis","HLA class II",1,"IGGRVHFFK","GGRVFF"
1689977,117507,"GGRRLFFVKAHVR","DNA polymerase catalytic subunit","P04293","multiple sclerosis","HLA class II",5,"LFFVKAHVR","FFVKHV"
1690352,117360,"RIHMVYSKRSGKPRGYAFIEY","U1 small nuclear ribonucleoprotein 70 kDa","P08621","systemic lupus erythematosus","HLA class II",6,"YSKRSGKPR","SKRSKP"
1690404,117360,"RIHMVYSKRSGKPRGYAFIEY","U1 small nuclear ribonucleoprotein 70 kDa","P08621","systemic lupus erythematosus","HLA class II",6,"YSKRSGKPR","SKRSKP"
1690944,114371,"GQFRVIGPRHPIRALVGDEVEL","Myelin-oligodendrocyte glycoprotein","Q16653","multiple sclerosis","HLA class II",5,"VIGPRHPIR","IGPRPI"
1690953,114368,"GMEVGWYRPPFSRVVHLYRNGKD","Myelin-oligodendrocyte glycoprotein","Q16653","multiple sclerosis","HLA class II",11,"FSRVVHLYR","SRVVLY"
1690954,114333,"EYRGRTELLKDAIGEGKVTLRIR","Myelin-oligodendrocyte glycoprotein","Q16653","multiple sclerosis","HLA class II",2,"YRGRTELLK","RGRTLL"
1690955,114291,"DAIGEGKVTLRIRNVRFSDEGGF","Myelin-oligodendrocyte glycoprotein","Q16653","multiple sclerosis","HLA class II",3,"IGEGKVTLR","GEGKTL"
1694122,117360,"RIHMVYSKRSGKPRGYAFIEY","U1 small nuclear ribonucleoprotein 70 kDa","P08621","rheumatoid arthritis","HLA class II",6,"YSKRSGKPR","SKRSKP"
1695204,118650,"VFLCLQYRLRGKLRAE","Myelin-oligodendrocyte glycoprotein","Q16653","multiple sclerosis","HLA class II",2,"FLCLQYRLR","LCLQRL"
1696553,103168,"FFYTPKTRREAED","Insulin","P01308","type 1 diabetes mellitus","HLA class II",1,"FFYTPKTRR","FYTPTR"
1696563,103913,"FWYIPPSLRTLED","Glutamate decarboxylase 2","Q05329","type 1 diabetes mellitus","HLA class II",1,"FWYIPPSLR","WYIPSL"
1697748,105161,"EEILMHCQTTLKYAIKTGHP","Glutamate decarboxylase 2","Q05329","type 1 diabetes mellitus","HLA class II",4,"LMHCQTTLK","MHCQTL"
1697766,45043,"NMYAMMIARFKMFPEVKEKG","Glutamate decarboxylase 2","Q05329","type 1 diabetes mellitus","HLA class II",3,"YAMMIARFK","AMMIRF"
1697775,104403,"AALGIGTDSVILIKCDERGK","Glutamate decarboxylase 2","Q05329","type 1 diabetes mellitus","HLA class II",10,"VILIKCDER","ILIKDE"
1697805,105120,"CGRHVDVFKLWLMWRAKGTTG","Glutamate decarboxylase 2","Q05329","type 1 diabetes mellitus","HLA class II",7,"VFKLWLMWR","FKLWMW"
1697811,105173,"EYLYNIIKNREGYEMVFDGK","Glutamate decarboxylase 2","Q05329","type 1 diabetes mellitus","HLA class II",2,"YLYNIIKNR","LYNIKN"
1697820,102085,"SRLSKVAPVIKARMMEYGTT","Glutamate decarboxylase 2","Q05329","type 1 diabetes mellitus","HLA class II",3,"LSKVAPVIK","SKVAVI"
1697823,105172,"EYGTTMVSYQPLGDKVNFFR","Glutamate decarboxylase 2","Q05329","type 1 diabetes mellitus","HLA class II",7,"VSYQPLGDK","SYQPGD"
1698055,119094,"AEADRLQQSHPLSATQIQVK","Spectrin alpha chain, non-erythrocytic 1","Q13813","Sjogren's syndrome","HLA class II",12,"LSATQIQVK","SATQQV"
1698079,119204,"HKGEIDAHEDSFKSADESGQ","Spectrin alpha chain, non-erythrocytic 1","Q13813","Sjogren's syndrome","HLA class II",5,"IDAHEDSFK","DAHESF"
1698123,119126,"DSFHLQQFFRDSDELKSWVN","Spectrin alpha chain, non-erythrocytic 1","Q13813","Sjogren's syndrome","HLA class II",8,"FFRDSDELK","FRDSEL"
1698380,119613,"LSLSRFSWGAEGQRPGFGYG","Myelin basic protein","P02686","multiple sclerosis","HLA class II",6,"FSWGAEGQR","SWGAGQ"
1699779,119579,"FKDYSSVVRPVEDHRQ","Acetylcholine receptor subunit alpha","P02708","myasthenia gravis","HLA class II",1,"FKDYSSVVR","KDYSVV"
1699782,119852,"EVNQIVTTNVRLKQQW","Acetylcholine receptor subunit alpha","P02708","myasthenia gravis","HLA class II",5,"IVTTNVRLK","VTTNRL"
1699790,119588,"HFPFDEQNCSMKLGTWT","Acetylcholine receptor subunit alpha","P02708","myasthenia gravis","HLA class II",4,"FDEQNCSMK","DEQNSM"
1699793,119580,"FMESGEWVIKESRGWKH","Acetylcholine receptor subunit alpha","P02708","myasthenia gravis","HLA class II",8,"VIKESRGWK","IKESGW"
1699795,119624,"PDTPYLDITYHFVMQRL","Acetylcholine receptor subunit alpha","P02708","myasthenia gravis","HLA class II",8,"ITYHFVMQR","TYHFMQ"
1701568,120148,"QIVTTNVRLKQQWVDYNLKW","Acetylcholine receptor subunit alpha","P02708","myasthenia gravis","HLA class II",2,"IVTTNVRLK","VTTNRL"
1701569,120148,"QIVTTNVRLKQQWVDYNLKW","Acetylcholine receptor subunit alpha","P02708","myasthenia gravis","HLA class II",2,"IVTTNVRLK","VTTNRL"
1702362,10458,"DTPYLDITYHFVMQRLPL","Acetylcholine receptor subunit alpha","P02708","myasthenia gravis","HLA class II",7,"ITYHFVMQR","TYHFMQ"
1702590,10458,"DTPYLDITYHFVMQRLPL","Acetylcholine receptor subunit alpha","P02708","myasthenia gravis","HLA class II",7,"ITYHFVMQR","TYHFMQ"
1702627,120028,"LFNNYDPGSRPVREP","Acetylcholine receptor subunit epsilon","Q04844","myasthenia gravis","HLA class II",2,"FNNYDPGSR","NNYDGS"
1702635,120255,"TTSVWIGIDWQDYRL","Acetylcholine receptor subunit epsilon","Q04844","myasthenia gravis","HLA class II",6,"IGIDWQDYR","GIDWDY"
1702636,119942,"IGIDWQDYRLNYSKD","Acetylcholine receptor subunit epsilon","Q04844","myasthenia gravis","HLA class II",1,"IGIDWQDYR","GIDWDY"
1702652,120126,"PFDWQNCSLIFRSQT","Acetylcholine receptor subunit epsilon","Q04844","myasthenia gravis","HLA class II",4,"WQNCSLIFR","QNCSIF"
1702661,119838,"ENGEWAIDFCPGVIR","Acetylcholine receptor subunit epsilon","Q04844","myasthenia gravis","HLA class II",7,"IDFCPGVIR","DFCPVI"
1702662,119740,"AIDFCPGVIRRHHGG","Acetylcholine receptor subunit epsilon","Q04844","myasthenia gravis","HLA class II",2,"IDFCPGVIR","DFCPVI"
1702667,119978,"IYSLIIRRKPLFYVI","Acetylcholine receptor subunit epsilon","Q04844","myasthenia gravis","HLA class II",1,"IYSLIIRRK","YSLIRR"
1703156,120148,"QIVTTNVRLKQQWVDYNLKW","Acetylcholine receptor subunit alpha","P02708","myasthenia gravis","HLA class II",2,"IVTTNVRLK","VTTNRL"
1703175,119950,"IPNIMFFSTMKRPSREKQ","Acetylcholine receptor subunit alpha","P02708","myasthenia gravis","HLA class II",4,"IMFFSTMKR","MFFSMK"
1703726,120148,"QIVTTNVRLKQQWVDYNLKW","Acetylcholine receptor subunit alpha","P02708","myasthenia gravis","HLA class II",2,"IVTTNVRLK","VTTNRL"
1703745,119950,"IPNIMFFSTMKRPSREKQ","Acetylcholine receptor subunit alpha","P02708","myasthenia gravis","HLA class II",4,"IMFFSTMKR","MFFSMK"
1704096,120078,"LNEEERLIRHLFQEKGYNKE","Acetylcholine receptor subunit delta","Q07001","myasthenia gravis","HLA class II",1,"LNEEERLIR","NEEELI"
1704111,120334,"YFPFDWQNCSLKFSSLKYTA","Acetylcholine receptor subunit delta","Q07001","myasthenia gravis","HLA class II",4,"FDWQNCSLK","DWQNSL"
1704112,120068,"LKYTAKEITLSLKQDAKENR","Acetylcholine receptor subunit delta","Q07001","myasthenia gravis","HLA class II",12,"LKQDAKENR","KQDAEN"
1704118,119868,"FMVNLVFYLPADSGEKTSVA","Acetylcholine receptor subunit delta","Q07001","myasthenia gravis","HLA class II",8,"YLPADSGEK","LPADGE"
1704460,120871,"PLAPGVRGSEAEGRLREKLF","Acetylcholine receptor subunit beta","P11230","myasthenia gravis","HLA class II",6,"VRGSEAEGR","RGSEEG"
1704461,120907,"REKLFSGYDSSVRPAREVGD","Acetylcholine receptor subunit beta","P11230","myasthenia gravis","HLA class II",5,"FSGYDSSVR","SGYDSV"
1704462,120726,"KVYLDLEWTDYRLSWDPAEH","Acetylcholine receptor subunit beta","P11230","myasthenia gravis","HLA class II",4,"LDLEWTDYR","DLEWDY"
1704467,120809,"MVLVTFSVILSVVVLNLHHR","Acetylcholine receptor subunit beta","P11230","myasthenia gravis","HLA class II",12,"VVVLNLHHR","VVLNHH"
1704472,121060,"VVSSISYIARQLQEQEDHDA","Acetylcholine receptor subunit beta","P11230","myasthenia gravis","HLA class II",2,"VSSISYIAR","SSISIA"
1704535,120148,"QIVTTNVRLKQQWVDYNLKW","Acetylcholine receptor subunit alpha","P02708","myasthenia gravis","HLA class II",2,"IVTTNVRLK","VTTNRL"
1704552,120279,"VIVINTHHRSPSTHVM","Acetylcholine receptor subunit alpha","P02708","myasthenia gravis","HLA class II",1,"VIVINTHHR","IVINHH"
1704554,119950,"IPNIMFFSTMKRPSREKQ","Acetylcholine receptor subunit alpha","P02708","myasthenia gravis","HLA class II",4,"IMFFSTMKR","MFFSMK"
1707803,122117,"IVVNAVVVLNVSLRSP","Acetylcholine receptor subunit gamma","P07510","myasthenia gravis","HLA class II",6,"VVVLNVSLR","VVLNSL"
1707805,70779,"VRKVFLRLLPQLLRMHVRPL","Acetylcholine receptor subunit gamma","P07510","myasthenia gravis","HLA class II",6,"LRLLPQLLR","RLLPLL"
1708021,122098,"GDLLAEIETDKATI","Dihydrolipoyllysine-residue acetyltransferase component of pyruvate dehydrogenase complex, mitochondrial","P10515","primary biliary cholangitis","HLA class II",3,"LLAEIETDK","LAEITD"
1710460,122337,"EPNHVIFKKISRDKSVTIYL","S-arrestin","P10523","autoimmune uveitis","HLA class II",6,"IFKKISRDK","FKKIRD"
1710463,122545,"QVQPVDGVVLVDPDLVKGKK","S-arrestin","P10523","autoimmune uveitis","HLA class II",9,"VLVDPDLVK","LVDPLV"
1710464,122624,"VDPDLVKGKKVYVTLTCAFR","S-arrestin","P10523","autoimmune uveitis","HLA class II",1,"VDPDLVKGK","DPDLKG"
1710465,122942,"VYVTLTCAFRYGQEDVDVIG","S-arrestin","P10523","autoimmune uveitis","HLA class II",2,"YVTLTCAFR","VTLTAF"
1710466,122951,"YGQEDVDVIGLTFRRDLYFS","S-arrestin","P10523","autoimmune uveitis","HLA class II",6,"VDVIGLTFR","DVIGTF"
1710467,122479,"LTFRRDLYFSRVQVYPPVGA","S-arrestin","P10523","autoimmune uveitis","HLA class II",3,"FRRDLYFSR","RRDLFS"
1710479,122764,"FMSDKPLHLAVSLNREIYFH","S-arrestin","P10523","autoimmune uveitis","HLA class II",7,"LHLAVSLNR","HLAVLN"
1710485,122443,"KPVAMEEAQEKVPPNSTLTK","S-arrestin","P10523","autoimmune uveitis","HLA class II",3,"VAMEEAQEK","AMEEQE"
1710486,122454,"KVPPNSTLTKTLTLLPLLAN","S-arrestin","P10523","autoimmune uveitis","HLA class II",2,"VPPNSTLTK","PPNSLT"
1710487,122613,"TLTLLPLLANNRERRGIALD","S-arrestin","P10523","autoimmune uveitis","HLA class II",4,"LLPLLANNR","LPLLNN"
1712224,122545,"QVQPVDGVVLVDPDLVKGKK","S-arrestin","P10523","autoimmune uveitis","HLA class II",9,"VLVDPDLVK","LVDPLV"
1712225,122942,"VYVTLTCAFRYGQEDVDVIG","S-arrestin","P10523","autoimmune uveitis","HLA class II",2,"YVTLTCAFR","VTLTAF"
1712226,122479,"LTFRRDLYFSRVQVYPPVGA","S-arrestin","P10523","autoimmune uveitis","HLA class II",3,"FRRDLYFSR","RRDLFS"
1712232,122764,"FMSDKPLHLAVSLNREIYFH","S-arrestin","P10523","autoimmune uveitis","HLA class II",7,"LHLAVSLNR","HLAVLN"
1712233,122362,"GEPIPVTVTVTNNTEKTVKK","S-arrestin","P10523","autoimmune uveitis","HLA class II",8,"VTVTNNTEK","TVTNTE"
1712236,122613,"TLTLLPLLANNRERRGIALD","S-arrestin","P10523","autoimmune uveitis","HLA class II",4,"LLPLLANNR","LPLLNN"
1712560,123404,"KVVGALHQIITLRDYIPRI","Thyroid peroxidase","P07202","autoimmune thyroiditis","HLA class II",10,"ITLRDYIPR","TLRDIP"
1712565,123289,"HGLPGYNEWREFCGLPRLET","Thyroid peroxidase","P07202","autoimmune thyroiditis","HLA class II",9,"WREFCGLPR","REFCLP"
1712570,123431,"LIGKQMKALRDGDWFWWENS","Thyroid peroxidase","P07202","autoimmune thyroiditis","HLA class II",2,"IGKQMKALR","GKQMAL"
1712576,123404,"KVVGALHQIITLRDYIPRI","Thyroid peroxidase","P07202","Graves' disease, Graves disease","HLA class II",10,"ITLRDYIPR","TLRDIP"
1712581,123289,"HGLPGYNEWREFCGLPRLET","Thyroid peroxidase","P07202","Graves' disease, Graves disease","HLA class II",9,"WREFCGLPR","REFCLP"
1712586,123431,"LIGKQMKALRDGDWFWWENS","Thyroid peroxidase","P07202","Graves' disease, Graves disease","HLA class II",2,"IGKQMKALR","GKQMAL"
1713900,125939,"ETHLRTIPSHAFSNLPNISR","Thyrotropin receptor","P16473","Graves' disease, Graves disease","HLA class II",12,"FSNLPNISR","SNLPIS"
1713910,125695,"ALKELPLLKFLGIFNTGLKM","Thyrotropin receptor","P16473","Graves' disease, Graves disease","HLA class II",11,"LGIFNTGLK","GIFNGL"
1713981,122788,"HLKELIARNTWTLKKL","Thyrotropin receptor","P16473","Graves' disease, Graves disease","HLA class II",6,"IARNTWTLK","ARNTTL"
1714017,126220,"HLTRADLSYPSHCCAFKNQK","Thyrotropin receptor","P16473","Graves' disease, Graves disease","HLA class II",9,"YPSHCCAFK","PSHCAF"
1714108,125061,"GDLIAEVETDKATV","Dihydrolipoyllysine-residue acetyltransferase component of pyruvate dehydrogenase complex, mitochondrial","P10515","primary biliary cholangitis","HLA class II",3,"LIAEVETDK","IAEVTD"
1714111,125061,"GDLIAEVETDKATV","Dihydrolipoyllysine-residue acetyltransferase component of pyruvate dehydrogenase complex, mitochondrial","P10515","primary biliary cholangitis","HLA class II",3,"LIAEVETDK","IAEVTD"
1714890,125010,"DEVVCEIETDKTSV","Dihydrolipoyllysine-residue succinyltransferase component of 2-oxoglutarate dehydrogenase complex, mitochondrial","P36957","primary biliary cholangitis","HLA class II",3,"VVCEIETDK","VCEITD"
1714891,125068,"GEVLVEIETDKAQM","Dihydrolipoyllysine-residue acetyltransferase component of pyruvate dehydrogenase complex, mitochondrial","P20285","primary biliary cholangitis","HLA class II",3,"VLVEIETDK","LVEITD"
1714892,122298,"DEVLVEIETDKVVL","Dihydrolipoyllysine-residue succinyltransferase component of 2-oxoglutarate dehydrogenase complex","P0AFG6","primary biliary cholangitis","HLA class II",3,"VLVEIETDK","LVEITD"
1714893,125008,"DELLATIETDKIDI","Dihydrolipoyllysine-residue succinyltransferase component of 2-oxoglutarate dehydrogenase complex","Q88FB0","primary biliary cholangitis","HLA class II",3,"LLATIETDK","LATITD"
1714894,125007,"DEILIDIETDKVVL","Dihydrolipoyllysine-residue succinyltransferase component of 2-oxoglutarate dehydrogenase complex","Q5F875","primary biliary cholangitis","HLA class II",3,"ILIDIETDK","LIDITD"
1716429,127640,"EPGEVLVEIETDKAQMDF","Dihydrolipoyllysine-residue acetyltransferase component of pyruvate dehydrogenase complex, mitochondrial","P20285","primary biliary cholangitis","HLA class II",5,"VLVEIETDK","LVEITD"
1716430,127882,"VRDEVLVEIETDKVVLEV","Dihydrolipoyllysine-residue succinyltransferase component of 2-oxoglutarate dehydrogenase complex","P0AFG6","primary biliary cholangitis","HLA class II",5,"VLVEIETDK","LVEITD"
1716434,125008,"DELLATIETDKIDI","Dihydrolipoyllysine-residue succinyltransferase component of 2-oxoglutarate dehydrogenase complex, mitochondrial","P19262","primary biliary cholangitis","HLA class II",3,"LLATIETDK","LATITD"
1716836,127882,"VRDEVLVEIETDKVVLEV","Dihydrolipoyllysine-residue succinyltransferase component of 2-oxoglutarate dehydrogenase complex","P0AFG6","primary biliary cholangitis","HLA class II",5,"VLVEIETDK","LVEITD"
1716837,127882,"VRDEVLVEIETDKVVLEV","Dihydrolipoyllysine-residue succinyltransferase component of 2-oxoglutarate dehydrogenase complex","P0AFG6","primary biliary cholangitis","HLA class II",5,"VLVEIETDK","LVEITD"
1716840,125008,"DELLATIETDKIDI","Dihydrolipoyllysine-residue succinyltransferase component of 2-oxoglutarate dehydrogenase complex, mitochondrial","P19262","primary biliary cholangitis","HLA class II",3,"LLATIETDK","LATITD"
1716841,125008,"DELLATIETDKIDI","Dihydrolipoyllysine-residue succinyltransferase component of 2-oxoglutarate dehydrogenase complex, mitochondrial","P19262","primary biliary cholangitis","HLA class II",3,"LLATIETDK","LATITD"
1717223,130522,"KEKEVVLLVATEGRVR","Aggrecan core protein","P16112","rheumatoid arthritis","HLA class II",6,"VLLVATEGR","LLVAEG"
1717253,130532,"LADRSVRYPISKARPNCG","Aggrecan core protein","P16112","rheumatoid arthritis","HLA class II",6,"VRYPISKAR","RYPIKA"
1717261,130586,"QKQLGWQAGMDEART","Type 3 secretion system stator protein","A1JUA3","rheumatoid arthritis","HLA class II",6,"WQAGMDEAR","QAGMEA"
1717654,125524,"PSTQTLKLIETHLRTIPSHA","Thyrotropin receptor","P16473","Graves' disease, Graves disease","HLA class II",6,"LKLIETHLR","KLIEHL"
1717681,125395,"EHLKELIARNTWTLKKLPLS","Thyrotropin receptor","P16473","Graves' disease, Graves disease","HLA class II",7,"IARNTWTLK","ARNTTL"
1733023,122761,"EYEENLGDSIVGYKEKSKFQD","Thyrotropin receptor","P16473","Graves' disease, Graves disease","HLA class II",6,"LGDSIVGYK","GDSIGY"
1733039,122746,"EEQEDEIIGFGQELKN","Thyrotropin receptor","P16473","Graves' disease, Graves disease","HLA class II",7,"IIGFGQELK","IGFGEL"
1733043,122749,"EIIGFGQELKNPQEE","Thyrotropin receptor","P16473","Graves' disease, Graves disease","HLA class II",2,"IIGFGQELK","IGFGEL"
1735614,125433,"GTPMFLLSRNTGEVRTL","Desmoglein-3","P32926","pemphigus","HLA class II",7,"LSRNTGEVR","SRNTEV"
1735624,122840,"LKLIETHLRTIPSHAFSNL","Thyrotropin receptor","P16473","Graves' disease, Graves disease","HLA class II",1,"LKLIETHLR","KLIEHL"
1735636,125513,"NTGLKMFPDLTKVYSTDIFF","Thyrotropin receptor","P16473","Graves' disease, Graves disease","HLA class II",4,"LKMFPDLTK","KMFPLT"
1735674,125511,"NSPLHQEYEENLGDSIVGYKEK","Thyrotropin receptor","P16473","Graves' disease, Graves disease","HLA class II",12,"LGDSIVGYK","GDSIGY"
1735678,125533,"QEYEENLGDSIVGYKEKSKF","Thyrotropin receptor","P16473","Graves' disease, Graves disease","HLA class II",7,"LGDSIVGYK","GDSIGY"
1735886,125447,"IPSHAFSNLPNISRIYVSID","Thyrotropin receptor","P16473","Graves' disease, Graves disease","HLA class II",6,"FSNLPNISR","SNLPIS"
1735894,125482,"LLKFLGIFNTGLKMFPDLTK","Thyrotropin receptor","P16473","Graves' disease, Graves disease","HLA class II",5,"LGIFNTGLK","GIFNGL"
1735913,125395,"EHLKELIARNTWTLKKLPLS","Thyrotropin receptor","P16473","Graves' disease, Graves disease","HLA class II",7,"IARNTWTLK","ARNTTL"
1735930,125610,"YYVFFEEQEDEIIGFGQELK","Thyrotropin receptor","P16473","Graves' disease, Graves disease","HLA class II",12,"IIGFGQELK","IGFGEL"
1735946,125524,"PSTQTLKLIETHLRTIPSHA","Thyrotropin receptor","P16473","Graves' disease, Graves disease","HLA class II",6,"LKLIETHLR","KLIEHL"
1735947,125447,"IPSHAFSNLPNISRIYVSID","Thyrotropin receptor","P16473","Graves' disease, Graves disease","HLA class II",6,"FSNLPNISR","SNLPIS"
1735954,125411,"FQGLCNETLTLKLYNNGFTS","Thyrotropin receptor","P16473","Graves' disease, Graves disease","HLA class II",4,"LCNETLTLK","CNETTL"
1735959,125395,"EHLKELIARNTWTLKKLPLS","Thyrotropin receptor","P16473","Graves' disease, Graves disease","HLA class II",7,"IARNTWTLK","ARNTTL"
1735964,125478,"LHQEYEENLGDSIVGYKEKS","Thyrotropin receptor","P16473","Graves' disease, Graves disease","HLA class II",9,"LGDSIVGYK","GDSIGY"
1735966,125610,"YYVFFEEQEDEIIGFGQELK","Thyrotropin receptor","P16473","Graves' disease, Graves disease","HLA class II",12,"IIGFGQELK","IGFGEL"
1755199,125524,"PSTQTLKLIETHLRTIPSHA","Thyrotropin receptor","P16473","Graves' disease, Graves disease","HLA class II",6,"LKLIETHLR","KLIEHL"
1755200,125447,"IPSHAFSNLPNISRIYVSID","Thyrotropin receptor","P16473","Graves' disease, Graves disease","HLA class II",6,"FSNLPNISR","SNLPIS"
1755204,125482,"LLKFLGIFNTGLKMFPDLTK","Thyrotropin receptor","P16473","Graves' disease, Graves disease","HLA class II",5,"LGIFNTGLK","GIFNGL"
1755212,125395,"EHLKELIARNTWTLKKLPLS","Thyrotropin receptor","P16473","Graves' disease, Graves disease","HLA class II",7,"IARNTWTLK","ARNTTL"
1755217,125478,"LHQEYEENLGDSIVGYKEKS","Thyrotropin receptor","P16473","Graves' disease, Graves disease","HLA class II",9,"LGDSIVGYK","GDSIGY"
1755219,125610,"YYVFFEEQEDEIIGFGQELK","Thyrotropin receptor","P16473","Graves' disease, Graves disease","HLA class II",12,"IIGFGQELK","IGFGEL"
1755249,125610,"YYVFFEEQEDEIIGFGQELK","Thyrotropin receptor","P16473","autoimmune thyroiditis","HLA class II",12,"IIGFGQELK","IGFGEL"
1761971,122801,"IQRIPSLPPSTQTLKLIET","Thyrotropin receptor","P16473","autoimmune thyroiditis","HLA class II",7,"LPPSTQTLK","PPSTTL"
1761974,122801,"IQRIPSLPPSTQTLKLIET","Thyrotropin receptor","P16473","Graves' disease, Graves disease","HLA class II",7,"LPPSTQTLK","PPSTTL"
1761978,122840,"LKLIETHLRTIPSHAFSNL","Thyrotropin receptor","P16473","Graves' disease, Graves disease","HLA class II",1,"LKLIETHLR","KLIEHL"
1761982,122785,"HAFSNLPNISRIYVSIDVT","Thyrotropin receptor","P16473","Graves' disease, Graves disease","HLA class II",3,"FSNLPNISR","SNLPIS"
1761999,122775,"GIFNTGLKMFPDLTKVYST","Thyrotropin receptor","P16473","autoimmune thyroiditis","HLA class II",7,"LKMFPDLTK","KMFPLT"
1762002,122775,"GIFNTGLKMFPDLTKVYST","Thyrotropin receptor","P16473","Graves' disease, Graves disease","HLA class II",7,"LKMFPDLTK","KMFPLT"
1762044,122788,"HLKELIARNTWTLKKL","Thyrotropin receptor","P16473","Graves' disease, Graves disease","HLA class II",6,"IARNTWTLK","ARNTTL"
1762089,122853,"LTRADLSYPSHCCAFKNQKK","Thyrotropin receptor","P16473","autoimmune thyroiditis","HLA class II",8,"YPSHCCAFK","PSHCAF"
1762092,122853,"LTRADLSYPSHCCAFKNQKK","Thyrotropin receptor","P16473","Graves' disease, Graves disease","HLA class II",8,"YPSHCCAFK","PSHCAF"
1762116,122747,"EEQEDEIIGFGQELKNPQEE","Thyrotropin receptor","P16473","Graves' disease, Graves disease","HLA class II",7,"IIGFGQELK","IGFGEL"
1767608,130618,"TEAFFPFISRGKELLWGKPE","Thyroid peroxidase","P07202","autoimmune thyroiditis","HLA class II",4,"FFPFISRGK","FPFIRG"
1767610,130483,"ESRVSSVLEESKRLVDTAMY","Thyroid peroxidase","P07202","autoimmune thyroiditis","HLA class II",4,"VSSVLEESK","SSVLES"
1767611,130609,"SKRLVDTAMYATMQRNLKKR","Thyroid peroxidase","P07202","Graves' disease, Graves disease","HLA class II",10,"YATMQRNLK","ATMQNL"
1767629,130615,"TALARWLPPVYEDGFSQPRG","Thyroid peroxidase","P07202","Graves' disease, Graves disease","HLA class II",11,"YEDGFSQPR","EDGFQP"
1767631,130639,"YEDGFSQPRGWNPGFLYNGF","Thyroid peroxidase","P07202","Graves' disease, Graves disease","HLA class II",1,"YEDGFSQPR","EDGFQP"
1767632,130639,"YEDGFSQPRGWNPGFLYNGF","Thyroid peroxidase","P07202","autoimmune thyroiditis","HLA class II",1,"YEDGFSQPR","EDGFQP"
1767649,130494,"FLDASTVYGSSPALERQLRNW","Thyroid peroxidase","P07202","Graves' disease, Graves disease","HLA class II",8,"YGSSPALER","GSSPLE"
1767665,128941,"IITLRDYIPRILGPEAFQQY","Thyroid peroxidase","P07202","Graves' disease, Graves disease","HLA class II",2,"ITLRDYIPR","TLRDIP"
1767674,130503,"GLWLHQAFFSPWTLLRGGGL","Thyroid peroxidase","P07202","autoimmune thyroiditis","HLA class II",8,"FFSPWTLLR","FSPWLL"
1767685,130560,"NEWREFCGLPRLETPADLST","Thyroid peroxidase","P07202","Graves' disease, Graves disease","HLA class II",3,"WREFCGLPR","REFCLP"
1767686,130560,"NEWREFCGLPRLETPADLST","Thyroid peroxidase","P07202","autoimmune thyroiditis","HLA class II",3,"WREFCGLPR","REFCLP"
1767687,130467,"DLSTAIASRSVADKILDLYKH","Thyroid peroxidase","P07202","Graves' disease, Graves disease","HLA class II",6,"IASRSVADK","ASRSAD"
1767697,130511,"HSLSRVICDNTGLTRVPMDA","Thyroid peroxidase","P07202","Graves' disease, Graves disease","HLA class II",7,"ICDNTGLTR","CDNTLT"
1767698,130511,"HSLSRVICDNTGLTRVPMDA","Thyroid peroxidase","P07202","autoimmune thyroiditis","HLA class II",7,"ICDNTGLTR","CDNTLT"
1767703,130451,"CGFPESMENGDFVHCEESGR","Thyroid peroxidase","P07202","Graves' disease, Graves disease","HLA class II",12,"FVHCEESGR","VHCESG"
1767710,130481,"EGWDFQPPLCKDVNECADGA","Thyroid peroxidase","P07202","autoimmune thyroiditis","HLA class II",3,"WDFQPPLCK","DFQPLC"
1768000,130939,"LAWTPVVVLNGLAAVREALV","Cytochrome P450 2D6","P10635","autoimmune hepatitis","HLA class II",8,"VLNGLAAVR","LNGLAV"
1768013,130949,"LLDKAVSNVIASLTCGRRFE","Cytochrome P450 2D6","P10635","autoimmune hepatitis","HLA class II",9,"VIASLTCGR","IASLCG"
1768014,131130,"VIASLTCGRRFEYDDPRFLR","Cytochrome P450 2D6","P10635","autoimmune hepatitis","HLA class II",1,"VIASLTCGR","IASLCG"
1768019,130978,"NAVPVLLHIPALAGKVLRFQ","Cytochrome P450 2D6","P10635","autoimmune hepatitis","HLA class II",7,"LHIPALAGK","HIPAAG"
1768021,122846,"LRFQKAFLTQLDELLTEHRM","Cytochrome P450 2D6","P10635","autoimmune hepatitis","HLA class II",11,"LDELLTEHR","DELLEH"
1768022,131114,"TQLDELLTEHRMTWDPAQPP","Cytochrome P450 2D6","P10635","autoimmune hepatitis","HLA class II",3,"LDELLTEHR","DELLEH"
1768025,130783,"EAFLAEMEKAKGNPESSFND","Cytochrome P450 2D6","P10635","autoimmune hepatitis","HLA class II",3,"FLAEMEKAK","LAEMKA"
1768030,125578,"TLAWGLLLMILHPDVQRRVQ","Cytochrome P450 2D6","P10635","autoimmune hepatitis","HLA class II",10,"ILHPDVQRR","LHPDQR"
1768031,130971,"MILHPDVQRRVQQEIDDVIG","Cytochrome P450 2D6","P10635","autoimmune hepatitis","HLA class II",2,"ILHPDVQRR","LHPDQR"
1768032,131053,"RRVQQEIDDVIGQVRRPEMG","Cytochrome P450 2D6","P10635","autoimmune hepatitis","HLA class II",7,"IDDVIGQVR","DDVIQV"
1768039,131017,"QGFRIPKGTTLITNLSSVLK","Cytochrome P450 2D6","P10635","autoimmune hepatitis","HLA class II",12,"ITNLSSVLK","TNLSVL"
1768040,131123,"TTLITNLSSVLKDEAVWEKP","Cytochrome P450 2D6","P10635","autoimmune hepatitis","HLA class II",4,"ITNLSSVLK","TNLSVL"
1768041,131091,"SVLKDEAVWEKPFRFHPEHF","Cytochrome P450 2D6","P10635","autoimmune hepatitis","HLA class II",3,"LKDEAVWEK","KDEAWE"
1768043,130995,"PEHFLDAQGHFVKPEAFLPF","Cytochrome P450 2D6","P10635","autoimmune hepatitis","HLA class II",5,"LDAQGHFVK","DAQGFV"
1768044,130852,"GHFVKPEAFLPFSAGRRACL","Cytochrome P450 2D6","P10635","autoimmune hepatitis","HLA class II",9,"FLPFSAGRR","LPFSGR"
1768152,131089,"STLRNLGLGKKSLEQWVTEE","Cytochrome P450 2D6","P10635","autoimmune hepatitis","HLA class II",3,"LRNLGLGKK","RNLGGK"
1768157,130949,"LLDKAVSNVIASLTCGRRFE","Cytochrome P450 2D6","P10635","autoimmune hepatitis","HLA class II",9,"VIASLTCGR","IASLCG"
1768158,131130,"VIASLTCGRRFEYDDPRFLR","Cytochrome P450 2D6","P10635","autoimmune hepatitis","HLA class II",1,"VIASLTCGR","IASLCG"
1768168,130733,"AQPPRDLTEAFLAEMEKAKG","Cytochrome P450 2D6","P10635","autoimmune hepatitis","HLA class II",11,"FLAEMEKAK","LAEMKA"
1768176,131053,"RRVQQEIDDVIGQVRRPEMG","Cytochrome P450 2D6","P10635","autoimmune hepatitis","HLA class II",7,"IDDVIGQVR","DDVIQV"
1768187,130995,"PEHFLDAQGHFVKPEAFLPF","Cytochrome P450 2D6","P10635","autoimmune hepatitis","HLA class II",5,"LDAQGHFVK","DAQGFV"
1768188,130852,"GHFVKPEAFLPFSAGRRACL","Cytochrome P450 2D6","P10635","autoimmune hepatitis","HLA class II",9,"FLPFSAGRR","LPFSGR"
1768192,130838,"FTSLLQHFSFSVPTGQPRPS","Cytochrome P450 2D6","P10635","autoimmune hepatitis","HLA class II",10,"FSVPTGQPR","SVPTQP"
1770874,131130,"VIASLTCGRRFEYDDPRFLR","Cytochrome P450 2D6","P10635","autoimmune hepatitis","HLA class II",1,"VIASLTCGR","IASLCG"
1770876,131114,"TQLDELLTEHRMTWDPAQPP","Cytochrome P450 2D6","P10635","autoimmune hepatitis","HLA class II",3,"LDELLTEHR","DELLEH"
1770879,125578,"TLAWGLLLMILHPDVQRRVQ","Cytochrome P450 2D6","P10635","autoimmune hepatitis","HLA class II",10,"ILHPDVQRR","LHPDQR"
1770880,130971,"MILHPDVQRRVQQEIDDVIG","Cytochrome P450 2D6","P10635","autoimmune hepatitis","HLA class II",2,"ILHPDVQRR","LHPDQR"
1770881,131053,"RRVQQEIDDVIGQVRRPEMG","Cytochrome P450 2D6","P10635","autoimmune hepatitis","HLA class II",7,"IDDVIGQVR","DDVIQV"
1770885,130995,"PEHFLDAQGHFVKPEAFLPF","Cytochrome P450 2D6","P10635","autoimmune hepatitis","HLA class II",5,"LDAQGHFVK","DAQGFV"
1770886,130852,"GHFVKPEAFLPFSAGRRACL","Cytochrome P450 2D6","P10635","autoimmune hepatitis","HLA class II",9,"FLPFSAGRR","LPFSGR"
1771922,68846,"VHFFKNIVTPRTP","Myelin basic protein","P02686","multiple sclerosis","HLA-DRB5*01:01",3,"FFKNIVTPR","FKNITP"
1773100,131973,"LYSGFSFLFVQGNQRAHGQD","Collagen alpha-3(IV) chain","Q01955","Goodpasture syndrome","HLA class II",7,"FLFVQGNQR","LFVQNQ"
1773116,131991,"NSYSFWLASLNPERMFRKPI","Collagen alpha-3(IV) chain","Q01955","Goodpasture syndrome","HLA class II",6,"WLASLNPER","LASLPE"
1773148,132396,"KDKFFAYLTLAKHTIS","Tyrosinase","P14679","Vogt-Koyanagi-Harada disease","HLA class II",4,"FFAYLTLAK","FAYLLA"
1773219,132396,"KDKFFAYLTLAKHTIS","Tyrosinase","P14679","Vogt-Koyanagi-Harada disease","HLA class II",4,"FFAYLTLAK","FAYLLA"
1773220,132396,"KDKFFAYLTLAKHTIS","Tyrosinase","P14679","Vogt-Koyanagi-Harada disease","HLA class II",4,"FFAYLTLAK","FAYLLA"
1780681,119579,"FKDYSSVVRPVEDHRQ","Acetylcholine receptor subunit alpha","P02708","myasthenia gravis","HLA class II",1,"FKDYSSVVR","KDYSVV"
1780689,119580,"FMESGEWVIKESRGWKH","Acetylcholine receptor subunit alpha","P02708","myasthenia gravis","HLA class II",8,"VIKESRGWK","IKESGW"
1780696,119852,"EVNQIVTTNVRLKQQW","Acetylcholine receptor subunit alpha","P02708","myasthenia gravis","HLA class II",5,"IVTTNVRLK","VTTNRL"
1780703,119588,"HFPFDEQNCSMKLGTWT","Acetylcholine receptor subunit alpha","P02708","myasthenia gravis","HLA class II",4,"FDEQNCSMK","DEQNSM"
1780825,119624,"PDTPYLDITYHFVMQRL","Acetylcholine receptor subunit alpha","P02708","myasthenia gravis","HLA class II",8,"ITYHFVMQR","TYHFMQ"
1780963,134254,"VGALHQIITLRDYIPRIL","Thyroid peroxidase","P07202","autoimmune thyroiditis","HLA class II",8,"ITLRDYIPR","TLRDIP"
1780964,134254,"VGALHQIITLRDYIPRIL","Thyroid peroxidase","P07202","Graves' disease, Graves disease","HLA class II",8,"ITLRDYIPR","TLRDIP"
1780969,134083,"IASRSVADKILDLYK","Thyroid peroxidase","P07202","autoimmune thyroiditis","HLA class II",1,"IASRSVADK","ASRSAD"
1780970,134083,"IASRSVADKILDLYK","Thyroid peroxidase","P07202","Graves' disease, Graves disease","HLA class II",1,"IASRSVADK","ASRSAD"
1782079,135319,"THYDASLEDQKGLVA","Blood group Rh(D) polypeptide","Q02161","autoimmune hemolytic anemia","HLA class II",3,"YDASLEDQK","DASLDQ"
1782082,135116,"LGFLTSSFRRHSWSS","Blood group Rh(D) polypeptide","Q02161","autoimmune hemolytic anemia","HLA class II",1,"LGFLTSSFR","GFLTSF"
1782086,135214,"PSGKVVITLFSIRLA","Blood group Rh(D) polypeptide","Q02161","autoimmune hemolytic anemia","HLA class II",5,"VVITLFSIR","VITLSI"
1782088,135309,"SVLISVDAVLGKVNL","Blood group Rh(D) polypeptide","Q02161","autoimmune hemolytic anemia","HLA class II",4,"ISVDAVLGK","SVDALG"
1782098,135279,"SFNSALLRSPIERKN","Blood group Rh(D) polypeptide","Q02161","autoimmune hemolytic anemia","HLA class II",6,"LLRSPIERK","LRSPER"
1782114,135133,"LLTGLLLNLKIWKAP","Blood group Rh(D) polypeptide","Q02161","autoimmune hemolytic anemia","HLA class II",2,"LTGLLLNLK","TGLLNL"
1782121,135319,"THYDASLEDQKGLVA","Blood group Rh(CE) polypeptide","P18577","autoimmune hemolytic anemia","HLA class II",3,"YDASLEDQK","DASLDQ"
1782127,135022,"ILLDGFLSQFPPGKV","Blood group Rh(CE) polypeptide","P18577","autoimmune hemolytic anemia","HLA class II",6,"FLSQFPPGK","LSQFPG"
1782130,135308,"SVLISAGAVLGKVNL","Blood group Rh(CE) polypeptide","P18577","autoimmune hemolytic anemia","HLA class II",4,"ISAGAVLGK","SAGALG"
1782136,135335,"TVAWCLPKPLPKGTE","Blood group Rh(CE) polypeptide","P18577","autoimmune hemolytic anemia","HLA class II",4,"WCLPKPLPK","CLPKLP"
1782140,135310,"SVNSPLLRSPIQRKN","Blood group Rh(CE) polypeptide","P18577","autoimmune hemolytic anemia","HLA class II",6,"LLRSPIQRK","LRSPQR"
1782156,135133,"LLTGLLLNLKIWKAP","Blood group Rh(CE) polypeptide","P18577","autoimmune hemolytic anemia","HLA class II",2,"LTGLLLNLK","TGLLNL"
1782731,122747,"EEQEDEIIGFGQELKNPQEE","Thyrotropin receptor","P16473","Graves' disease, Graves disease","HLA class II",7,"IIGFGQELK","IGFGEL"
1782798,122747,"EEQEDEIIGFGQELKNPQEE","Thyrotropin receptor","P16473","Graves' disease, Graves disease","HLA class II",7,"IIGFGQELK","IGFGEL"
1782799,122747,"EEQEDEIIGFGQELKNPQEE","Thyrotropin receptor","P16473","Graves' disease, Graves disease","HLA class II",7,"IIGFGQELK","IGFGEL"
1782801,122747,"EEQEDEIIGFGQELKNPQEE","Thyrotropin receptor","P16473","Graves' disease, Graves disease","HLA class II",7,"IIGFGQELK","IGFGEL"
1784293,125061,"GDLIAEVETDKATV","Dihydrolipoyllysine-residue acetyltransferase component of pyruvate dehydrogenase complex, mitochondrial","P10515","primary biliary cholangitis","HLA class II",3,"LIAEVETDK","IAEVTD"
1784334,125010,"DEVVCEIETDKTSV","Dihydrolipoyllysine-residue succinyltransferase component of 2-oxoglutarate dehydrogenase complex, mitochondrial","P36957","primary biliary cholangitis","HLA class II",3,"VVCEIETDK","VCEITD"
1785322,135233,"QIVTTNVRLKQGDMVDLPRP","Acetylcholine receptor subunit alpha","P02708","myasthenia gravis","HLA class II",2,"IVTTNVRLK","VTTNRL"
1787490,135666,"ENGEWAIQHRPAKMLLDPAA","Acetylcholine receptor subunit gamma","P07510","myasthenia gravis","HLA class II",5,"WAIQHRPAK","AIQHPA"
1787492,135658,"EAGHQKVVFYLLIQRKPLFY","Acetylcholine receptor subunit gamma","P07510","myasthenia gravis","HLA class II",7,"VVFYLLIQR","VFYLIQ"
1787494,135693,"ISSVAILIHFLPAKAGGQKC","Acetylcholine receptor subunit gamma","P07510","myasthenia gravis","HLA class II",6,"ILIHFLPAK","LIHFPA"
1787496,135772,"TVFLFLVAKKVPETSQAVPL","Acetylcholine receptor subunit gamma","P07510","myasthenia gravis","HLA class II",2,"VFLFLVAKK","FLFLAK"
1787499,135697,"IVVNAVVVLNVSLRSPHTHS","Acetylcholine receptor subunit gamma","P07510","myasthenia gravis","HLA class II",6,"VVVLNVSLR","VVLNSL"
1787501,70779,"VRKVFLRLLPQLLRMHVRPL","Acetylcholine receptor subunit gamma","P07510","myasthenia gravis","HLA class II",6,"LRLLPQLLR","RLLPLL"
1787513,120078,"LNEEERLIRHLFQEKGYNKE","Acetylcholine receptor subunit delta","Q07001","myasthenia gravis","HLA class II",1,"LNEEERLIR","NEEELI"
1787523,120068,"LKYTAKEITLSLKQDAKENR","Acetylcholine receptor subunit delta","Q07001","myasthenia gravis","HLA class II",12,"LKQDAKENR","KQDAEN"
1787527,135738,"QDITFYLIIRRKPLFYIINI","Acetylcholine receptor subunit delta","Q07001","myasthenia gravis","HLA class II",3,"ITFYLIIRR","TFYLIR"
1787529,119868,"FMVNLVFYLPADSGEKTSVA","Acetylcholine receptor subunit delta","Q07001","myasthenia gravis","HLA class II",8,"YLPADSGEK","LPADGE"
1787539,120002,"KSRSDLMFEKQSERHGLARR","Acetylcholine receptor subunit delta","Q07001","myasthenia gravis","HLA class II",6,"LMFEKQSER","MFEKSE"
1787546,135735,"PPPQPFPGDPYSYNVQDKRF","Acetylcholine receptor subunit delta","Q07001","myasthenia gravis","HLA class II",11,"YSYNVQDKR","SYNVDK"
1797024,120148,"QIVTTNVRLKQQWVDYNLKW","Acetylcholine receptor subunit alpha","P02708","myasthenia gravis","HLA class II",2,"IVTTNVRLK","VTTNRL"
1797043,119950,"IPNIMFFSTMKRPSREKQ","Acetylcholine receptor subunit alpha","P02708","myasthenia gravis","HLA class II",4,"IMFFSTMKR","MFFSMK"
1797053,120148,"QIVTTNVRLKQQWVDYNLKW","Acetylcholine receptor subunit alpha","P02708","myasthenia gravis","HLA class II",2,"IVTTNVRLK","VTTNRL"
1797057,119950,"IPNIMFFSTMKRPSREKQ","Acetylcholine receptor subunit alpha","P02708","myasthenia gravis","HLA class II",4,"IMFFSTMKR","MFFSMK"
1818829,112139,"GQFRVIGPRHPIRALVGDEV","Myelin-oligodendrocyte glycoprotein","Q16653","multiple sclerosis","HLA class II",5,"VIGPRHPIR","IGPRPI"
1818831,112255,"PIRALVGDEVELPCRISPGK","Myelin-oligodendrocyte glycoprotein","Q16653","multiple sclerosis","HLA class II",12,"LPCRISPGK","PCRIPG"
1818832,114319,"ELPCRISPGKNATGMEVGWY","Myelin-oligodendrocyte glycoprotein","Q16653","multiple sclerosis","HLA class II",2,"LPCRISPGK","PCRIPG"
1818838,115097,"QAPEYRGRTELLKDAIGEGK","Myelin-oligodendrocyte glycoprotein","Q16653","multiple sclerosis","HLA class II",5,"YRGRTELLK","RGRTLL"
1818841,115078,"LLKDAIGEGKVTLRIRNVRF","Myelin-oligodendrocyte glycoprotein","Q16653","multiple sclerosis","HLA class II",2,"LKDAIGEGK","KDAIEG"
1818843,115124,"VTLRIRNVRFSDEGGFTCFF","Myelin-oligodendrocyte glycoprotein","Q16653","multiple sclerosis","HLA class II",1,"VTLRIRNVR","TLRINV"
1818856,112255,"PIRALVGDEVELPCRISPGK","Myelin-oligodendrocyte glycoprotein","Q16653","multiple sclerosis","HLA class II",12,"LPCRISPGK","PCRIPG"
1818861,112255,"PIRALVGDEVELPCRISPGK","Myelin-oligodendrocyte glycoprotein","Q16653","multiple sclerosis","HLA class II",12,"LPCRISPGK","PCRIPG"
1818862,112255,"PIRALVGDEVELPCRISPGK","Myelin-oligodendrocyte glycoprotein","Q16653","multiple sclerosis","HLA class II",12,"LPCRISPGK","PCRIPG"
1818863,112255,"PIRALVGDEVELPCRISPGK","Myelin-oligodendrocyte glycoprotein","Q16653","multiple sclerosis","HLA class II",12,"LPCRISPGK","PCRIPG"
1818864,112255,"PIRALVGDEVELPCRISPGK","Myelin-oligodendrocyte glycoprotein","Q16653","multiple sclerosis","HLA class II",12,"LPCRISPGK","PCRIPG"
1818871,112255,"PIRALVGDEVELPCRISPGK","Myelin-oligodendrocyte glycoprotein","Q16653","multiple sclerosis","HLA class II",12,"LPCRISPGK","PCRIPG"
1818878,115104,"RPPFSRVVHLYRNGKDQDGD","Myelin-oligodendrocyte glycoprotein","Q16653","multiple sclerosis","HLA class II",4,"FSRVVHLYR","SRVVLY"
1819407,142114,"ARRHYRFIHGIGRSGDISAV","O-phosphoseryl-tRNA(Sec) selenium transferase","Q9HD40","autoimmune hepatitis","HLA class II",5,"YRFIHGIGR","RFIHIG"
1819414,142255,"PMATGMSLTLCFLTLRHKRP","O-phosphoseryl-tRNA(Sec) selenium transferase","Q9HD40","autoimmune hepatitis","HLA class II",8,"LTLCFLTLR","TLCFTL"
1819415,142306,"TLCFLTLRHKRPKAKYIIWP","O-phosphoseryl-tRNA(Sec) selenium transferase","Q9HD40","autoimmune hepatitis","HLA class II",2,"LCFLTLRHK","CFLTRH"
1823384,62926,"TAMDVVYALKRQGRT","Histone H4","P62805","systemic lupus erythematosus","HLA class II",6,"VYALKRQGR","YALKQG"
1823447,122416,"ISGLIYEETRGVLKV","Histone H4","P62805","systemic lupus erythematosus","HLA class II",6,"YEETRGVLK","EETRVL"
1823452,122505,"NVIRDAVTYTEHAKR","Histone H4","P62805","systemic lupus erythematosus","HLA class II",7,"VTYTEHAKR","TYTEAK"
1824465,122549,"RDAVTYTEHAKRKTV","Histone H4","P62805","systemic lupus erythematosus","HLA class II",4,"VTYTEHAKR","TYTEAK"
1824471,241333,"LRKGNYAERVGAGAP","Histone H2A.J","Q9BTM1","systemic lupus erythematosus","HLA class II",1,"LRKGNYAER","RKGNAE"
1824488,122549,"RDAVTYTEHAKRKTV","Histone H4","P62805","systemic lupus erythematosus","HLA class II",4,"VTYTEHAKR","TYTEAK"
1824494,241333,"LRKGNYAERVGAGAP","Histone H2A.J","Q9BTM1","systemic lupus erythematosus","HLA class II",1,"LRKGNYAER","RKGNAE"
1824507,122549,"RDAVTYTEHAKRKTV","Histone H4","P62805","systemic lupus erythematosus","HLA class II",4,"VTYTEHAKR","TYTEAK"
1824513,241333,"LRKGNYAERVGAGAP","Histone H2A.J","Q9BTM1","systemic lupus erythematosus","HLA class II",1,"LRKGNYAER","RKGNAE"
1824527,122549,"RDAVTYTEHAKRKTV","Histone H4","P62805","systemic lupus erythematosus","HLA class II",4,"VTYTEHAKR","TYTEAK"
1824533,241333,"LRKGNYAERVGAGAP","Histone H2A.J","Q9BTM1","systemic lupus erythematosus","HLA class II",1,"LRKGNYAER","RKGNAE"
1865180,119468,"ISGKQVTGEVIFQTPLIK","Acetylcholine receptor subunit alpha","P02710","myasthenia gravis","HLA class II",10,"VIFQTPLIK","IFQTLI"
1885568,156636,"DREIYVNVEPTFQRTLHKTK","Desmoglein-1","Q02413","pemphigus","HLA class II",6,"VNVEPTFQR","NVEPFQ"
1942637,140476,"ISGGHINPAVTVAMVCTRKI","Aquaporin-4","P55087","neuromyelitis optica","HLA class II",10,"VTVAMVCTR","TVAMCT"
1942639,140518,"VFTIFASCDSKRTDVTGSIA","Aquaporin-4","P55087","neuromyelitis optica","HLA class II",4,"IFASCDSKR","FASCSK"
1942684,140476,"ISGGHINPAVTVAMVCTRKI","Aquaporin-4","P55087","multiple sclerosis","HLA class II",10,"VTVAMVCTR","TVAMCT"
1942720,112756,"AVRQIFGDYKTTICGKGLSATV","Myelin proteolipid protein","P60201","neuromyelitis optica","HLA class II",2,"VRQIFGDYK","RQIFDY"
1957264,140495,"RFKEAFSKAAQQTKGSYMEV","Aquaporin-4","P55087","neuromyelitis optica","HLA class II",6,"FSKAAQQTK","SKAAQT"
1963016,133948,"VVLLVATEGRVRVNSAYQDK","Aggrecan core protein","P16112","rheumatoid arthritis","HLA class II",2,"VLLVATEGR","LLVAEG"
1963039,133948,"VVLLVATEGRVRVNSAYQDK","Aggrecan core protein","P16112","rheumatoid arthritis","HLA class II",2,"VLLVATEGR","LLVAEG"
1971998,186664,"ERTYLVNDKAAKMHA","Proton-coupled zinc antiporter SLC30A8","Q8IWU4","type 1 diabetes mellitus","HLA class II",4,"YLVNDKAAK","LVNDAA"
1972003,186664,"ERTYLVNDKAAKMHA","Proton-coupled zinc antiporter SLC30A8","Q8IWU4","type 1 diabetes mellitus","HLA class II",4,"YLVNDKAAK","LVNDAA"
1972004,186664,"ERTYLVNDKAAKMHA","Proton-coupled zinc antiporter SLC30A8","Q8IWU4","type 1 diabetes mellitus","HLA class II",4,"YLVNDKAAK","LVNDAA"
1972026,186664,"ERTYLVNDKAAKMHA","Proton-coupled zinc antiporter SLC30A8","Q8IWU4","type 1 diabetes mellitus","HLA class II",4,"YLVNDKAAK","LVNDAA"
1981592,112139,"GQFRVIGPRHPIRALVGDEV","Myelin-oligodendrocyte glycoprotein","Q16653","multiple sclerosis","HLA class II",5,"VIGPRHPIR","IGPRPI"
1981605,112226,"MEVGWYRPPFSRVVHLYRNGK","Myelin-oligodendrocyte glycoprotein","Q16653","multiple sclerosis","HLA class II",10,"FSRVVHLYR","SRVVLY"
1981607,13573,"ENPVVHFFKNIVTPRTP","Myelin basic protein","P02686","multiple sclerosis","HLA class II",7,"FFKNIVTPR","FKNITP"
1981608,112214,"LSRFSWGAEGQRPGFGYGG","Myelin basic protein","P02686","multiple sclerosis","HLA class II",4,"FSWGAEGQR","SWGAGQ"
1981609,112037,"AQGTLSKIFKLGGRDSRSGSPMARR","Myelin basic protein","P02686","multiple sclerosis","HLA class II",9,"FKLGGRDSR","KLGGDS"
2394724,241257,"GVLPNIQAVLLPKKT","Histone H2A.J","Q9BTM1","systemic lupus erythematosus","HLA class II",6,"IQAVLLPKK","QAVLPK"
2394725,241257,"GVLPNIQAVLLPKKT","Histone H2A.J","Q9BTM1","systemic lupus erythematosus","HLA class II",6,"IQAVLLPKK","QAVLPK"
2394727,241257,"GVLPNIQAVLLPKKT","Histone H2A.J","Q9BTM1","systemic lupus erythematosus","HLA class II",6,"IQAVLLPKK","QAVLPK"
2394733,241354,"QAVLLPKKTESQKTK","Histone H2A.J","Q9BTM1","systemic lupus erythematosus","HLA class II",5,"LPKKTESQK","PKKTSQ"
2394734,241354,"QAVLLPKKTESQKTK","Histone H2A.J","Q9BTM1","systemic lupus erythematosus","HLA class II",5,"LPKKTESQK","PKKTSQ"
2394736,241354,"QAVLLPKKTESQKTK","Histone H2A.J","Q9BTM1","systemic lupus erythematosus","HLA class II",5,"LPKKTESQK","PKKTSQ"
2397759,71585,"VTYTEHAKRKTVTAM","Histone H4","P62805","systemic lupus erythematosus","HLA class II",1,"VTYTEHAKR","TYTEAK"
2605800,137829,"DWTFQTLVMLETVPR","HLA class II histocompatibility antigen, DRB1 beta chain","P01911","multiple sclerosis","HLA-DRB5*01:01",7,"LVMLETVPR","VMLEVP"
2605821,496919,"SDVGEFRAVTELGRP","HLA class II histocompatibility antigen, DRB1 beta chain","P01911","multiple sclerosis","HLA-DRB5*01:01",6,"FRAVTELGR","RAVTLG"
2605827,496665,"KRECHFFNGTERVRF","HLA class II histocompatibility antigen, DRB1 beta chain","P01911","multiple sclerosis","HLA-DRB5*01:01",6,"FFNGTERVR","FNGTRV"
2605828,496678,"KYECHFFNGTERVRF","HLA class II histocompatibility antigen, DR beta 5 chain","Q30154","multiple sclerosis","HLA-DRB5*01:01",6,"FFNGTERVR","FNGTRV"
2605831,141414,"SDVGEYRAVTELGRP","HLA class II histocompatibility antigen, DR beta 5 chain","Q30154","multiple sclerosis","HLA-DRB5*01:01",6,"YRAVTELGR","RAVTLG"
2724257,534728,"ISVSEIDHVVLVGGSTRMPA","Chaperone protein DnaK","P9WMJ9","rheumatoid arthritis","HLA class II",9,"VVLVGGSTR","VLVGST"
2827661,538591,"VHVIDVDRGEEKKGK","Aquaporin-4","P55087","neuromyelitis optica","HLA class II",4,"IDVDRGEEK","DVDREE"
2858261,45043,"NMYAMMIARFKMFPEVKEKG","Glutamate decarboxylase 2","Q05329","type 1 diabetes mellitus","HLA class II",3,"YAMMIARFK","AMMIRF"
3786421,733866,"DPTYLDITYHFVMQRLPL","Acetylcholine receptor subunit alpha","P02708","myasthenia gravis","HLA class II",7,"ITYHFVMQR","TYHFMQ"
3786437,733866,"DPTYLDITYHFVMQRLPL","Acetylcholine receptor subunit alpha","P02708","myasthenia gravis","HLA class II",7,"ITYHFVMQR","TYHFMQ"
3786439,733866,"DPTYLDITYHFVMQRLPL","Acetylcholine receptor subunit alpha","P02708","myasthenia gravis","HLA class II",7,"ITYHFVMQR","TYHFMQ"
3786440,733866,"DPTYLDITYHFVMQRLPL","Acetylcholine receptor subunit alpha","P02708","myasthenia gravis","HLA class II",7,"ITYHFVMQR","TYHFMQ"
3806439,131973,"LYSGFSFLFVQGNQRAHGQD","Collagen alpha-3(IV) chain","Q01955","Goodpasture syndrome","HLA class II",7,"FLFVQGNQR","LFVQNQ"
3806469,131991,"NSYSFWLASLNPERMFRKPI","Collagen alpha-3(IV) chain","Q01955","Goodpasture syndrome","HLA class II",6,"WLASLNPER","LASLPE"
3806475,131931,"KIISRCQVCMKKRH","Collagen alpha-3(IV) chain","Q01955","Goodpasture syndrome","HLA class II",3,"ISRCQVCMK","SRCQCM"
5562683,910489,"LDSIGRFFGGDRGAPKRGS","Myelin basic protein","P02686","multiple sclerosis","HLA class II",4,"IGRFFGGDR","GRFFGD"
5562687,910457,"ENPVVHFFKNIVTPRTPPPSQGKG","Myelin basic protein","P02686","multiple sclerosis","HLA class II",7,"FFKNIVTPR","FKNITP"
5562691,115057,"GLSLSRFSWGAEGQRPGFG","Myelin basic protein","P02686","multiple sclerosis","HLA class II",7,"FSWGAEGQR","SWGAGQ"
5562693,910520,"SWGAEGQRPGFGYGGRASDYK","Myelin basic protein","P02686","multiple sclerosis","HLA class II",13,"YGGRASDYK","GGRADY"
5562695,112037,"AQGTLSKIFKLGGRDSRSGSPMARR","Myelin basic protein","P02686","multiple sclerosis","HLA class II",9,"FKLGGRDSR","KLGGDS"
5562707,910455,"ENPVVHFFKNIVTPRT","Myelin basic protein","P02686","multiple sclerosis","HLA class II",7,"FFKNIVTPR","FKNITP"
5562709,112214,"LSRFSWGAEGQRPGFGYGG","Myelin basic protein","P02686","multiple sclerosis","HLA class II",4,"FSWGAEGQR","SWGAGQ"
5562711,112037,"AQGTLSKIFKLGGRDSRSGSPMARR","Myelin basic protein","P02686","multiple sclerosis","HLA class II",9,"FKLGGRDSR","KLGGDS"
5562715,112139,"GQFRVIGPRHPIRALVGDEV","Myelin-oligodendrocyte glycoprotein","Q16653","multiple sclerosis","HLA class II",5,"VIGPRHPIR","IGPRPI"
5562717,112226,"MEVGWYRPPFSRVVHLYRNGK","Myelin-oligodendrocyte glycoprotein","Q16653","multiple sclerosis","HLA class II",10,"FSRVVHLYR","SRVVLY"
5993615,103917,"GERGFFYTPKTRREAED","Insulin","P01308","type 1 diabetes mellitus","HLA class II",5,"FFYTPKTRR","FYTPTR"
5993627,103791,"AGSLQPLALEGSLQKRG","Insulin","P01308","type 1 diabetes mellitus","HLA class II",7,"LALEGSLQK","ALEGLQ"
5993629,104177,"PLALEGSLQKRGIVEQC","Insulin","P01308","type 1 diabetes mellitus","HLA class II",2,"LALEGSLQK","ALEGLQ"
5993657,923983,"YLVCGERGFFYTPKTRR","Insulin","P01308","type 1 diabetes mellitus","HLA class II",9,"FFYTPKTRR","FYTPTR"
5993659,103917,"GERGFFYTPKTRREAED","Insulin","P01308","type 1 diabetes mellitus","HLA class II",5,"FFYTPKTRR","FYTPTR"
5993671,103791,"AGSLQPLALEGSLQKRG","Insulin","P01308","type 1 diabetes mellitus","HLA class II",7,"LALEGSLQK","ALEGLQ"
5993673,104177,"PLALEGSLQKRGIVEQC","Insulin","P01308","type 1 diabetes mellitus","HLA class II",2,"LALEGSLQK","ALEGLQ"
6368159,50113,"PYILLVSSKVSTVKD","Chaperonin GroEL 2","P9WPE7","rheumatoid arthritis","HLA class II",6,"VSSKVSTVK","SSKVTV"
8269636,140476,"ISGGHINPAVTVAMVCTRKI","Aquaporin-4","P55087","neuromyelitis optica","HLA class II",10,"VTVAMVCTR","TVAMCT"
8269638,140476,"ISGGHINPAVTVAMVCTRKI","Aquaporin-4","P55087","multiple sclerosis","HLA class II",10,"VTVAMVCTR","TVAMCT"
8269652,1125054,"EDNRSQVETDDLILKPGVVHVIDVD","Aquaporin-4","P55087","neuromyelitis optica","HLA class II",7,"VETDDLILK","ETDDIL"
8269654,1125054,"EDNRSQVETDDLILKPGVVHVIDVD","Aquaporin-4","P55087","multiple sclerosis","HLA class II",7,"VETDDLILK","ETDDIL"
8269656,112139,"GQFRVIGPRHPIRALVGDEV","Myelin-oligodendrocyte glycoprotein","Q16653","neuromyelitis optica","HLA class II",5,"VIGPRHPIR","IGPRPI"
8269658,112139,"GQFRVIGPRHPIRALVGDEV","Myelin-oligodendrocyte glycoprotein","Q16653","multiple sclerosis","HLA class II",5,"VIGPRHPIR","IGPRPI"
8269660,112226,"MEVGWYRPPFSRVVHLYRNGK","Myelin-oligodendrocyte glycoprotein","Q16653","neuromyelitis optica","HLA class II",10,"FSRVVHLYR","SRVVLY"
8269662,112226,"MEVGWYRPPFSRVVHLYRNGK","Myelin-oligodendrocyte glycoprotein","Q16653","multiple sclerosis","HLA class II",10,"FSRVVHLYR","SRVVLY"
8269664,1125056,"EYRGRTELLKDAIGEGK","Myelin-oligodendrocyte glycoprotein","Q16653","neuromyelitis optica","HLA class II",2,"YRGRTELLK","RGRTLL"
8269666,1125056,"EYRGRTELLKDAIGEGK","Myelin-oligodendrocyte glycoprotein","Q16653","multiple sclerosis","HLA class II",2,"YRGRTELLK","RGRTLL"
12579293,910455,"ENPVVHFFKNIVTPRT","Myelin basic protein","P02686","multiple sclerosis","HLA-DRB5*01:01",7,"FFKNIVTPR","FKNITP"
12579300,910455,"ENPVVHFFKNIVTPRT","Myelin basic protein","P02686","multiple sclerosis","HLA-DRB5*01:01",7,"FFKNIVTPR","FKNITP"
12579344,1199521,"DRYFYNQEESVRFD","HLA class II histocompatibility antigen, DRB1 beta chain","P01911","multiple sclerosis","HLA-DRB5*01:01",4,"FYNQEESVR","YNQESV"
13749864,1598481,"AGSLQPLALEGSLQK","Insulin","P01308","type 1 diabetes mellitus","HLA class II",7,"LALEGSLQK","ALEGLQ"
13749865,1606410,"GSLQPLALEGSLQKR","Insulin","P01308","type 1 diabetes mellitus","HLA class II",6,"LALEGSLQK","ALEGLQ"
13749866,101243,"SLQPLALEGSLQKRG","Insulin","P01308","type 1 diabetes mellitus","HLA class II",5,"LALEGSLQK","ALEGLQ"
13749867,1613413,"LQPLALEGSLQKRGI","Insulin","P01308","type 1 diabetes mellitus","HLA class II",4,"LALEGSLQK","ALEGLQ"
16419886,911736,"FRFTPFKQAVKETCA","GDP-L-fucose synthase","Q13630","multiple sclerosis","HLA class II",3,"FTPFKQAVK","TPFKAV"
16419887,911736,"FRFTPFKQAVKETCA","GDP-L-fucose synthase","Q13630","multiple sclerosis","HLA class II",3,"FTPFKQAVK","TPFKAV"
16419890,910455,"ENPVVHFFKNIVTPRT","Myelin basic protein","P02686","multiple sclerosis","HLA class II",7,"FFKNIVTPR","FKNITP"
16419891,910455,"ENPVVHFFKNIVTPRT","Myelin basic protein","P02686","multiple sclerosis","HLA class II",7,"FFKNIVTPR","FKNITP"
16419892,112214,"LSRFSWGAEGQRPGFGYGG","Myelin basic protein","P02686","multiple sclerosis","HLA class II",4,"FSWGAEGQR","SWGAGQ"
16419893,112214,"LSRFSWGAEGQRPGFGYGG","Myelin basic protein","P02686","multiple sclerosis","HLA class II",4,"FSWGAEGQR","SWGAGQ"
16419895,112037,"AQGTLSKIFKLGGRDSRSGSPMARR","Myelin basic protein","P02686","multiple sclerosis","HLA class II",9,"FKLGGRDSR","KLGGDS"
16419897,112139,"GQFRVIGPRHPIRALVGDEV","Myelin-oligodendrocyte glycoprotein","Q16653","multiple sclerosis","HLA class II",5,"VIGPRHPIR","IGPRPI"
16419898,112226,"MEVGWYRPPFSRVVHLYRNGK","Myelin-oligodendrocyte glycoprotein","Q16653","multiple sclerosis","HLA class II",10,"FSRVVHLYR","SRVVLY"
16419899,112226,"MEVGWYRPPFSRVVHLYRNGK","Myelin-oligodendrocyte glycoprotein","Q16653","multiple sclerosis","HLA class II",10,"FSRVVHLYR","SRVVLY"
16419902,112226,"MEVGWYRPPFSRVVHLYRNGK","Myelin-oligodendrocyte glycoprotein","Q16653","multiple sclerosis","HLA class II",10,"FSRVVHLYR","SRVVLY"
16419903,112226,"MEVGWYRPPFSRVVHLYRNGK","Myelin-oligodendrocyte glycoprotein","Q16653","multiple sclerosis","HLA class II",10,"FSRVVHLYR","SRVVLY"
16419904,112226,"MEVGWYRPPFSRVVHLYRNGK","Myelin-oligodendrocyte glycoprotein","Q16653","multiple sclerosis","HLA class II",10,"FSRVVHLYR","SRVVLY"
16419905,112226,"MEVGWYRPPFSRVVHLYRNGK","Myelin-oligodendrocyte glycoprotein","Q16653","multiple sclerosis","HLA class II",10,"FSRVVHLYR","SRVVLY"
16419906,112226,"MEVGWYRPPFSRVVHLYRNGK","Myelin-oligodendrocyte glycoprotein","Q16653","multiple sclerosis","HLA class II",10,"FSRVVHLYR","SRVVLY"
16419907,112226,"MEVGWYRPPFSRVVHLYRNGK","Myelin-oligodendrocyte glycoprotein","Q16653","multiple sclerosis","HLA class II",10,"FSRVVHLYR","SRVVLY"
16419908,112226,"MEVGWYRPPFSRVVHLYRNGK","Myelin-oligodendrocyte glycoprotein","Q16653","multiple sclerosis","HLA class II",10,"FSRVVHLYR","SRVVLY"
16419909,112226,"MEVGWYRPPFSRVVHLYRNGK","Myelin-oligodendrocyte glycoprotein","Q16653","multiple sclerosis","HLA class II",10,"FSRVVHLYR","SRVVLY"
16419910,112226,"MEVGWYRPPFSRVVHLYRNGK","Myelin-oligodendrocyte glycoprotein","Q16653","multiple sclerosis","HLA class II",10,"FSRVVHLYR","SRVVLY"
16419911,112226,"MEVGWYRPPFSRVVHLYRNGK","Myelin-oligodendrocyte glycoprotein","Q16653","multiple sclerosis","HLA class II",10,"FSRVVHLYR","SRVVLY"
16419912,112226,"MEVGWYRPPFSRVVHLYRNGK","Myelin-oligodendrocyte glycoprotein","Q16653","multiple sclerosis","HLA class II",10,"FSRVVHLYR","SRVVLY"
16419913,112226,"MEVGWYRPPFSRVVHLYRNGK","Myelin-oligodendrocyte glycoprotein","Q16653","multiple sclerosis","HLA class II",10,"FSRVVHLYR","SRVVLY"
17541439,134060,"GGGPGAGSLQPLALEGSLQK","Insulin","P01308","type 1 diabetes mellitus","HLA class II",12,"LALEGSLQK","ALEGLQ"
17541440,134060,"GGGPGAGSLQPLALEGSLQK","Insulin","P01308","type 1 diabetes mellitus","HLA class II",12,"LALEGSLQK","ALEGLQ"
17541441,134060,"GGGPGAGSLQPLALEGSLQK","Insulin","P01308","type 1 diabetes mellitus","HLA class II",12,"LALEGSLQK","ALEGLQ"
17541445,104511,"GSLQPLALEGSLQKRGIV","Insulin","P01308","type 1 diabetes mellitus","HLA class II",6,"LALEGSLQK","ALEGLQ"
17541447,104511,"GSLQPLALEGSLQKRGIV","Insulin","P01308","type 1 diabetes mellitus","HLA class II",6,"LALEGSLQK","ALEGLQ"
17541451,462422,"QPLALEGSLQKRGIVEQ","Insulin","P01308","type 1 diabetes mellitus","HLA class II",3,"LALEGSLQK","ALEGLQ"
17541452,462422,"QPLALEGSLQKRGIVEQ","Insulin","P01308","type 1 diabetes mellitus","HLA class II",3,"LALEGSLQK","ALEGLQ"
17541453,462422,"QPLALEGSLQKRGIVEQ","Insulin","P01308","type 1 diabetes mellitus","HLA class II",3,"LALEGSLQK","ALEGLQ"
22641179,101243,"SLQPLALEGSLQKRG","Insulin","P01308","type 1 diabetes mellitus","HLA class II",5,"LALEGSLQK","ALEGLQ"
22641181,101243,"SLQPLALEGSLQKRG","Insulin","P01308","type 1 diabetes mellitus","HLA class II",5,"LALEGSLQK","ALEGLQ"
22641182,101243,"SLQPLALEGSLQKRG","Insulin","P01308","type 1 diabetes mellitus","HLA class II",5,"LALEGSLQK","ALEGLQ"
22641183,101243,"SLQPLALEGSLQKRG","Insulin","P01308","type 1 diabetes mellitus","HLA class II",5,"LALEGSLQK","ALEGLQ"
